Uniprot,Gene description,Organ,GO
Q01449,Myosin light chain 7,Heart,GO:0031672;GO:0005737;GO:0005829;GO:0043197;GO:0030016;GO:0016459;GO:0005509;GO:0048738;GO:0060047
P01160,Natriuretic peptide A,Heart,GO:0042995;GO:0062023;GO:0005737;GO:0005576;GO:0005615;GO:0043204;GO:0032991;GO:0005179;GO:0051427;GO:0005184;GO:0071855;GO:0005102;GO:0003180;GO:0003161;GO:0014898;GO:0006182;GO:0019934;GO:0007565;GO:0043508;GO:0003085;GO:0007218;GO:0060452;GO:1902261;GO:0010460;GO:1903766;GO:0006457;GO:0007168;GO:0060372;GO:0008217;GO:1902514;GO:1901841;GO:0035994;GO:0036376;GO:0042311
P19429,"Troponin I3, cardiac type",Heart,GO:0097512;GO:1990584;GO:0005829;GO:0030017;GO:0005861;GO:0003779;GO:0051015;GO:0019855;GO:0048306;GO:0019904;GO:0019901;GO:0030172;GO:0031014;GO:0060048;GO:0060047;GO:0007507;GO:0006874;GO:0032780;GO:0010882;GO:0006940;GO:0001980;GO:0003009;GO:0001570;GO:0055010
Q14896,Myosin binding protein C3,Heart,GO:0031672;GO:0014705;GO:0097512;GO:0005829;GO:0031430;GO:0030017;GO:0005863;GO:0003779;GO:0001671;GO:0042802;GO:0046872;GO:0017022;GO:0032036;GO:0008307;GO:0031432;GO:0060048;GO:0007155;GO:0003007;GO:0032781;GO:0032971;GO:0006942;GO:0045214;GO:0055010
P16860,Natriuretic peptide B,Heart,GO:0005737;GO:0005576;GO:0005615;GO:0032991;GO:0008613;GO:0005179;GO:0051427;GO:0005102;GO:0097746;GO:0007589;GO:0003161;GO:0007166;GO:0006182;GO:0019934;GO:0016525;GO:0030308;GO:0003085;GO:0007218;GO:0035815;GO:0035810;GO:0006457;GO:0007168;GO:0008217;GO:0043114;GO:0042311
P45379,"Troponin T2, cardiac type",Heart,GO:0097512;GO:1990584;GO:0005829;GO:0030017;GO:0005865;GO:0005861;GO:0003779;GO:0042802;GO:0005523;GO:0030172;GO:0031013;GO:0060048;GO:0030049;GO:0032780;GO:0032781;GO:0008016;GO:0006937;GO:0051592;GO:0045214;GO:0055010
Q9NPI5,Nicotinamide riboside kinase 2,Heart,GO:0005737;GO:0005829;GO:0043231;GO:0005654;GO:0005886;GO:0005524;GO:0046872;GO:0034317;GO:0050262;GO:0061769;GO:0009435;GO:0019674;GO:0045662
Q9UH90,F-box protein 40,Heart,GO:0005737;GO:0005829;GO:0061630;GO:0008270;GO:0042692
P12883,Myosin heavy chain 7,Heart,GO:0005737;GO:0005859;GO:0030016;GO:0016459;GO:0032982;GO:0016460;GO:0030017;GO:0001725;GO:0030018;GO:0051015;GO:0005524;GO:0005516;GO:0000146;GO:0007512;GO:0046034;GO:0060048;GO:0014898;GO:0006936;GO:0030049;GO:0002027;GO:0031449;GO:0002026;GO:0014728;GO:0045214;GO:0003009;GO:0006941;GO:0014883;GO:0055010
P10916,Myosin light chain 2,Heart,GO:0031672;GO:0097512;GO:0005737;GO:0005856;GO:0005829;GO:0030016;GO:0016459;GO:0030017;GO:0003785;GO:0005509;GO:0032036;GO:0008307;GO:0060048;GO:0055003;GO:0060047;GO:0007507;GO:0042694;GO:0030308;GO:0098735;GO:0006942;GO:0002026;GO:0055010
O95393,Bone morphogenetic protein 10,Heart,GO:0009986;GO:0005737;GO:0005576;GO:0005615;GO:0030018;GO:0005125;GO:0008083;GO:0005179;GO:0033612;GO:0031433;GO:0032924;GO:0007512;GO:0055009;GO:0030509;GO:0060038;GO:0007155;GO:0060347;GO:0001822;GO:0010614;GO:0030308;GO:0030336;GO:0010596;GO:0060045;GO:0010613;GO:0061036;GO:2000138;GO:0045893;GO:0010628;GO:0060298;GO:0060391;GO:0055117;GO:1903242;GO:0045214;GO:0055015;GO:0055010
A6NNS2,Dehydrogenase/reductase 7C,Heart,GO:0014801;GO:0033017;GO:0004745;GO:0016616;GO:0046323;GO:0006874;GO:0010880
Q16821,Protein phosphatase 1 regulatory subunit 3A,Heart,GO:0016020;GO:0000164;GO:2001069;GO:0008157;GO:0005977;GO:0005979
Q9GZV1,Ankyrin repeat domain 2,Heart,GO:0005829;GO:0000791;GO:0031674;GO:0043231;GO:0005634;GO:0016605;GO:0043422;GO:0061629;GO:0008307;GO:0006936;GO:0007517;GO:0045662;GO:0000122;GO:0006357
Q8IWX7,Unc-45 myosin chaperone B,Heart,GO:0031672;GO:0005737;GO:0005829;GO:0048471;GO:0030018;GO:0051879;GO:0030154;GO:0061077;GO:0002088;GO:0007517
Q5BKY1,Leucine rich repeat containing 10,Heart,GO:0005856;GO:0005739;GO:0005634;GO:0030017;GO:0003779;GO:0051393;GO:0055013
P13533,Myosin heavy chain 6,Heart,GO:0005737;GO:0005829;GO:0005859;GO:0030016;GO:0016459;GO:0032982;GO:0016460;GO:0030017;GO:0001725;GO:0030018;GO:0051015;GO:0005524;GO:0005516;GO:0000146;GO:0017018;GO:0019901;GO:0007512;GO:0046034;GO:0055009;GO:0055013;GO:0060048;GO:0014898;GO:0001701;GO:0006936;GO:0030049;GO:0030239;GO:0008217;GO:0008016;GO:0060420;GO:0002027;GO:0002026;GO:0045214;GO:0006941;GO:0055010;GO:0007522
Q5SV97,"PPARGC1 and ESRR induced regulator, muscle 1",Heart,GO:0005737;GO:0005634;GO:0006355;GO:0014850
P23327,Histidine rich calcium binding protein,Heart,GO:0005788;GO:0033018;GO:0033017;GO:0030018;GO:0051117;GO:0005509;GO:0044325;GO:0006936;GO:0045823;GO:0010460;GO:1901899;GO:1903169;GO:0010881;GO:1901844;GO:0051480;GO:0002027;GO:0033135;GO:0010880;GO:0060314
O15273,Titin-cap,Heart,GO:0005829;GO:0031674;GO:0030018;GO:0036122;GO:0051373;GO:0060090;GO:0030674;GO:0008307;GO:0031432;GO:0070080;GO:0044325;GO:0007512;GO:0055013;GO:0060048;GO:0003300;GO:0014898;GO:0055008;GO:0055003;GO:0050982;GO:0035995;GO:0030916;GO:0065003;GO:0035994;GO:0045214;GO:0048769;GO:0003009;GO:0030241;GO:0030240;GO:0001756
Q02221,Cytochrome c oxidase subunit 6A2,Heart,GO:0005743;GO:0005739;GO:0045277;GO:0030234;GO:0016491;GO:0006091;GO:0006123
P12829,Myosin light chain 4,Heart,GO:0031672;GO:0005829;GO:0016460;GO:0051015;GO:0003785;GO:0005509;GO:0032038;GO:0060048;GO:0032781;GO:0002026
Q5VZP5,Serine/threonine/tyrosine interacting like 2,Heart,GO:0005737;GO:0030017;GO:0033549;GO:0008138;GO:0043409
Q147U7,Single-pass membrane protein with coiled-coil domains 1,Heart,GO:0016020
Q86TD4,Sarcalumenin,Heart,GO:0033018;GO:0033017;GO:0005525;GO:0002115
Q6P5Q4,Leiomodin 2,Heart,GO:0005884;GO:0005856;GO:0031430;GO:0030016;GO:0030017;GO:0005865;GO:0003779;GO:0003785;GO:0005523;GO:0007015;GO:0030041;GO:0045010;GO:0006936;GO:0030239;GO:0051694;GO:0030838;GO:0045214
Q9UHP9,Small muscle protein X-linked,Heart,GO:0043034;GO:0031430;GO:0005927;GO:0005634;GO:0006941
P35609,Actinin alpha 2,Heart,GO:0005884;GO:0030054;GO:0042995;GO:0030864;GO:0005856;GO:0005829;GO:0043197;GO:0070062;GO:0005576;GO:0030175;GO:0005925;GO:0098978;GO:0031093;GO:0098871;GO:0098839;GO:0099092;GO:0031143;GO:0030018;GO:0051015;GO:0005509;GO:0008092;GO:0051373;GO:0042802;GO:0005178;GO:0030274;GO:0030374;GO:0005546;GO:0019904;GO:0008307;GO:0098973;GO:0031432;GO:0070080;GO:0044325;GO:0030036;GO:0051695;GO:0055013;GO:0007155;GO:0048041;GO:0030035;GO:0055001;GO:1901017;GO:0043267;GO:2000009;GO:0086097;GO:2001259;GO:2001137;GO:1901018;GO:0043268;GO:0072659;GO:0042981;GO:0042391;GO:0045214
P02144,Myoglobin,Heart,GO:0005829;GO:0070062;GO:0016528;GO:0020037;GO:0046872;GO:0098809;GO:0019825;GO:0005344;GO:0004601;GO:0050873;GO:0043353;GO:0007507;GO:0015671;GO:0019430;GO:0001666
P52179,Myomesin 1,Heart,GO:0031430;GO:0005863;GO:0042802;GO:0019900;GO:0042803;GO:0008307;GO:0002074;GO:0010628;GO:0050714;GO:0010737;GO:0045214
P63316,"Troponin C1, slow skeletal and cardiac type",Heart,GO:1990584;GO:0005829;GO:0005861;GO:0051015;GO:0005509;GO:0048306;GO:0042803;GO:0031013;GO:0031014;GO:0060048;GO:0002086;GO:0043462;GO:0006937;GO:0032972;GO:0010038;GO:0003009;GO:0014883;GO:0055010
A2RUH7,Myosin binding protein H like,Heart,GO:0036379;GO:0030017;GO:0001701
A1L4K1,Fibronectin type III and SPRY domain containing 2,Heart,GO:0005634;GO:0048471;GO:0016529
Q8NDY3,ADP-ribosylhydrolase like 1,Heart,GO:0030017;GO:0003875;GO:0000287;GO:0003242;GO:0055003;GO:0051725
O75112,LIM domain binding 3,Heart,GO:0005912;GO:0005856;GO:0031941;GO:0048471;GO:0031143;GO:0001725;GO:0030018;GO:0003779;GO:0008092;GO:0046872;GO:0051371;GO:0005080;GO:0030036;GO:0007507;GO:0061061;GO:0045214
Q6PEY2,Tubulin alpha 3e,Heart,GO:0036064;GO:0005737;GO:0005874;GO:0015630;GO:0005634;GO:0036126;GO:0005525;GO:0016787;GO:0046872;GO:0005200;GO:0030317;GO:0036098;GO:0000226;GO:0000278
P17540,"Creatine kinase, mitochondrial 2",Heart,GO:0005743;GO:0005739;GO:0005524;GO:0004111;GO:0006936;GO:0046314
P48050,Potassium inwardly rectifying channel subfamily J member 4,Heart,GO:0016323;GO:0030659;GO:0005886;GO:0045211;GO:0008076;GO:0005242;GO:0030165;GO:1990573;GO:0006813;GO:0034765
P0C263,SH3 domain binding kinase family member 2,Heart,GO:0004676;GO:0004679;GO:0005524;GO:0004677;GO:0004694;GO:0044024;GO:0072371;GO:1990244;GO:0035979;GO:0044025;GO:0140823;GO:0035175;GO:0044022;GO:0140855;GO:0035402;GO:0072354;GO:0140857;GO:0035403;GO:0044023;GO:0004708;GO:0106310;GO:0072518;GO:0004711;GO:0000165
P0DJH9,RD3 like,Heart,
Q6ZP80,Transmembrane protein 182,Heart,GO:0005886;GO:0007517;GO:0014906;GO:0014908;GO:0045662;GO:1901740
Q8N3L3,Taxilin beta,Heart,GO:0005737;GO:0019905
P68032,Actin alpha cardiac muscle 1,Heart,GO:0005884;GO:0072562;GO:0044297;GO:0005737;GO:0005829;GO:0070062;GO:0005615;GO:0030175;GO:0005925;GO:0098978;GO:0031674;GO:0030027;GO:0016020;GO:0030017;GO:0005524;GO:0016787;GO:0000146;GO:0017022;GO:0007015;GO:0030048;GO:0033275;GO:0031032;GO:0055008;GO:0055003;GO:0060047;GO:0090131;GO:0043066;GO:0010628;GO:0030240
Q14524,Sodium voltage-gated channel alpha subunit 5,Heart,GO:0005901;GO:0009986;GO:0005783;GO:0014704;GO:0016328;GO:0016020;GO:0005730;GO:0005654;GO:0048471;GO:0005886;GO:0042383;GO:0030315;GO:0001518;GO:0030018;GO:0030506;GO:0005516;GO:0019899;GO:0017134;GO:0050998;GO:0019904;GO:0019901;GO:0097110;GO:0044325;GO:0031625;GO:0005248;GO:0086060;GO:0086061;GO:0086006;GO:0086062;GO:0086063;GO:0086014;GO:0086016;GO:0086067;GO:0003360;GO:0086043;GO:0003161;GO:0086002;GO:0060048;GO:0003231;GO:0071277;GO:0021549;GO:0051899;GO:0086010;GO:0098912;GO:0086045;GO:0086048;GO:0086012;GO:0086047;GO:0086046;GO:0042475;GO:0045760;GO:0050679;GO:0010765;GO:0060371;GO:0060372;GO:0086004;GO:0002027;GO:0086091;GO:1902305;GO:0060373;GO:0060307;GO:0014894;GO:0086015;GO:0035725;GO:0006814;GO:0021537;GO:0086005
P24310,Cytochrome c oxidase subunit 7A1,Heart,GO:0005743;GO:0005739;GO:0098803;GO:0045277;GO:0004129;GO:0006091;GO:0006123;GO:0097250;GO:0002082
Q9H987,Synaptopodin 2 like,Heart,GO:0015629;GO:0005634;GO:0030018;GO:0003779;GO:0003007;GO:0032233;GO:0035025;GO:0051496;GO:0045214
Q12988,Heat shock protein family B (small) member 3,Heart,GO:0005737;GO:0016607;GO:0005634;GO:0006986
P0DPH8,Tubulin alpha 3d,Heart,GO:0005737;GO:0005874;GO:0015630;GO:0005525;GO:0016787;GO:0046872;GO:0005200;GO:0000226;GO:0000278
Q8WXH4,Ankyrin repeat and SOCS box containing 11,Heart,GO:0031466;GO:0005829;GO:0005783;GO:1990756;GO:0030968;GO:0045732;GO:0043161;GO:0070979;GO:0016567
P05413,Fatty acid binding protein 3,Heart,GO:0005829;GO:0070062;GO:0005615;GO:0005634;GO:0008092;GO:0036041;GO:0070538;GO:0050873;GO:0042632;GO:0032365;GO:0015909;GO:0008285;GO:0055091;GO:0140214;GO:0071073;GO:0046320;GO:2001245
Q9BYV2,Tripartite motif containing 54,Heart,GO:0005737;GO:0005874;GO:0005875;GO:0030018;GO:0008017;GO:0061630;GO:0008270;GO:0030154;GO:0045087;GO:0007017;GO:0007026;GO:0007165
P16615,ATPase sarcoplasmic/endoplasmic reticulum Ca2+ transporting 2,Heart,GO:0090534;GO:0005783;GO:0005789;GO:0014801;GO:0016020;GO:0005886;GO:0031095;GO:0097470;GO:0016529;GO:0033017;GO:0005524;GO:0016887;GO:0005509;GO:0019899;GO:0106222;GO:0005388;GO:0086039;GO:0044548;GO:0044325;GO:0000045;GO:0016240;GO:1990036;GO:0070588;GO:1903515;GO:0014898;GO:0007155;GO:0034599;GO:0032469;GO:0008544;GO:0006984;GO:0006874;GO:1990456;GO:0034220;GO:0045822;GO:1900121;GO:0070050;GO:0140056;GO:0010666;GO:0032470;GO:0010460;GO:1903233;GO:1903779;GO:0098909;GO:0086036;GO:0010882;GO:0002026;GO:0055119;GO:0034976;GO:0070296;GO:0033292;GO:0014883
Q32MK0,Myosin light chain kinase 3,Heart,GO:0015629;GO:0005737;GO:0005829;GO:0005524;GO:0004683;GO:0004687;GO:0055003;GO:0071347;GO:1905710;GO:0060298;GO:1905075;GO:0006468;GO:0045214;GO:0048769;GO:0007165
P15259,Phosphoglycerate mutase 2,Heart,GO:0005829;GO:0070062;GO:0005634;GO:0046538;GO:0004082;GO:0016787;GO:0042802;GO:0004619;GO:0061621;GO:0006094;GO:0006096;GO:0007219;GO:0046689;GO:0007283;GO:0006941
Q92736,Ryanodine receptor 2,Heart,GO:0034704;GO:0014701;GO:0016020;GO:0005886;GO:0032991;GO:0042383;GO:0016529;GO:0033017;GO:0005790;GO:0030018;GO:0005262;GO:0005509;GO:0048763;GO:0005516;GO:0019899;GO:0042802;GO:0015278;GO:0034236;GO:0034237;GO:0005219;GO:0043924;GO:0044325;GO:0006816;GO:0060402;GO:0019722;GO:0060048;GO:0003300;GO:0086064;GO:0071313;GO:0071872;GO:0005513;GO:0003143;GO:0051649;GO:0072599;GO:0006874;GO:0003220;GO:0010460;GO:0051284;GO:0098735;GO:0086029;GO:0098910;GO:0098904;GO:0055117;GO:0010882;GO:0010881;GO:0051480;GO:0002027;GO:0098907;GO:0098911;GO:0051209;GO:0014808;GO:0031000;GO:0001666;GO:0014850;GO:0035994;GO:0051775;GO:0070296;GO:0006941;GO:0097050;GO:0086005
Q2M3C7,"SPHK1 interactor, AKAP domain containing",Heart,GO:0005737;GO:0005739;GO:0051018
Q15327,Ankyrin repeat domain 1,Heart,GO:0005737;GO:0005829;GO:0001650;GO:0031674;GO:0005654;GO:0005634;GO:0005667;GO:0003677;GO:0042826;GO:0002039;GO:0070412;GO:0061629;GO:0031432;GO:0003713;GO:0003714;GO:0055008;GO:0071347;GO:0071222;GO:0071260;GO:0071560;GO:0071356;GO:0071466;GO:2000279;GO:0141212;GO:0043065;GO:0043517;GO:0050714;GO:0006357;GO:0035994;GO:0045214;GO:0035914
P48169,Gamma-aminobutyric acid type A receptor subunit alpha4,Heart,GO:0034707;GO:0032590;GO:1902711;GO:0098982;GO:0043005;GO:0005886;GO:0098794;GO:0099634;GO:0045202;GO:1902495;GO:0008503;GO:0004890;GO:0022851;GO:1904315;GO:1902476;GO:0007214;GO:1904862;GO:0060078;GO:0051932
Q8NB12,SET and MYND domain containing 1,Heart,GO:0005737;GO:0005634;GO:0003677;GO:0140999;GO:0046872;GO:0003714;GO:0007507;GO:0032259;GO:0045663;GO:0010831;GO:0035914
Q13508,ADP-ribosyltransferase 3 (inactive),Heart,GO:0070062;GO:0005576;GO:0005886;GO:0098552;GO:0003950;GO:0106274;GO:0016779
Q9UI47,Catenin alpha 3,Heart,GO:0005912;GO:0005737;GO:0005856;GO:0030057;GO:0005916;GO:0030027;GO:0051015;GO:0008013;GO:0045296;GO:0086073;GO:0016477;GO:0098609;GO:0086091;GO:0098911
Q5VWP3,Muscular LMNA interacting protein,Heart,GO:0005829;GO:0005635;GO:0031981;GO:0005634;GO:0016605;GO:0042383;GO:0005521;GO:0003714;GO:0010614;GO:1903243;GO:0000122;GO:0045944;GO:0006366
Q13326,Sarcoglycan gamma,Heart,GO:0005737;GO:0005856;GO:0005886;GO:0016012;GO:0042383;GO:0048738;GO:0010467;GO:0060047;GO:0007517
Q5HYJ1,"Trans-2,3-enoyl-CoA reductase like",Heart,GO:0005783;GO:0016020;GO:0016491;GO:0016627;GO:0042761
Q9H2Y7,Zinc finger protein 106,Heart,GO:0005829;GO:0016020;GO:0016607;GO:0005730;GO:0046872;GO:0003723;GO:0008286
Q6UXU4,GSG1 like,Heart,GO:0098978;GO:0005886;GO:0098839;GO:0098685;GO:0099149
A7E2Y1,Myosin heavy chain 7B,Heart,GO:0097512;GO:0005737;GO:0016020;GO:0032982;GO:0016460;GO:0051015;GO:0005524;GO:0000146;GO:1905289;GO:0086004;GO:0051480
Q96IW2,Src homology 2 domain containing transforming protein D,Heart,GO:0001784
P13637,ATPase Na+/K+ transporting subunit alpha 3,Heart,GO:0030424;GO:0005783;GO:1903561;GO:0005794;GO:0016020;GO:0098984;GO:0043025;GO:0032809;GO:0031090;GO:0001917;GO:0060342;GO:0005886;GO:0005890;GO:0045202;GO:0001540;GO:0005524;GO:0016887;GO:0046872;GO:0005391;GO:0051087;GO:1990239;GO:0086064;GO:1904646;GO:0071383;GO:0030007;GO:0006883;GO:1990535;GO:1990573;GO:1902600;GO:0060075;GO:1903416;GO:0036376
Q04844,Cholinergic receptor nicotinic epsilon subunit,Heart,GO:0005892;GO:0031594;GO:0043005;GO:0005886;GO:0045211;GO:0045202;GO:0015464;GO:0022848;GO:0008324;GO:1904315;GO:0095500;GO:0051899;GO:0006936;GO:0007165;GO:0007271
Q14192,Four and a half LIM domains 2,Heart,GO:0005925;GO:0005654;GO:0005634;GO:0030018;GO:0043425;GO:0042802;GO:0046872;GO:0003714;GO:0008134;GO:0055014;GO:0060347;GO:0043066;GO:0070885;GO:0000122;GO:0001649;GO:0009725;GO:0055015
Q9HCP6,Hedgehog acyltransferase like,Heart,GO:0005783;GO:0005789;GO:0048471;GO:0060262
Q9UBY9,Heat shock protein family B (small) member 7,Heart,GO:0015629;GO:0016235;GO:0015030;GO:0005737;GO:0005654;GO:0005634;GO:0031005;GO:0007507;GO:0008016;GO:0006986
Q13368,MAGUK p55 scaffold protein 3,Heart,GO:0005912;GO:0016324;GO:0005911;GO:0005886;GO:0030165
Q5VTT5,Myomesin 3,Heart,GO:0031430;GO:0042803;GO:0045214
Q5VU43,Phosphodiesterase 4D interacting protein,Heart,GO:0005813;GO:0005737;GO:0005794;GO:0030016;GO:0005634;GO:0019899;GO:0060090;GO:0030953;GO:0007098;GO:0090063;GO:0065003;GO:1903358
Q92995,Ubiquitin specific peptidase 13,Heart,GO:0005829;GO:0005654;GO:0005634;GO:1904288;GO:0004843;GO:0004197;GO:1990380;GO:0070628;GO:0051087;GO:0043130;GO:0031625;GO:0044389;GO:0008270;GO:0006914;GO:0008283;GO:0036506;GO:0030318;GO:1904294;GO:0016579;GO:0035523;GO:0044313;GO:0070536;GO:0050821;GO:0006508;GO:0010506;GO:0006355;GO:0031647
Q75V66,Anoctamin 5,Heart,GO:0005789;GO:0005886;GO:0031982;GO:0005254;GO:0005229;GO:0046983;GO:1902476;GO:0034220;GO:0001778
Q96MF6,Coenzyme Q10A,Heart,GO:0005743;GO:0005739;GO:0048039;GO:0045333
Q9Y5Q5,"Corin, serine peptidase",Heart,GO:0015629;GO:0009986;GO:0005576;GO:0016604;GO:0005886;GO:0004175;GO:0004252;GO:0007565;GO:0016486;GO:0008217;GO:1903779;GO:0035813;GO:0003050
A5D6W6,Fat storage inducing transmembrane protein 1,Heart,GO:0005789;GO:0010945;GO:0019992;GO:0017129;GO:0140042;GO:0034389;GO:0019915;GO:0008654;GO:0010890
P22460,Potassium voltage-gated channel subfamily A member 5,Heart,GO:0009986;GO:0005794;GO:0014704;GO:0046691;GO:0016020;GO:0045121;GO:0048471;GO:0005886;GO:0034705;GO:0008076;GO:0030018;GO:0051393;GO:0005251;GO:0015271;GO:0019901;GO:0097110;GO:0005102;GO:0005249;GO:0086089;GO:0086087;GO:0086090;GO:0001508;GO:0086014;GO:0060081;GO:0098914;GO:0086050;GO:0086052;GO:0051481;GO:0007219;GO:1900087;GO:2000288;GO:0097623;GO:0055075;GO:0071805;GO:0006813;GO:0051260;GO:0060372;GO:0086091;GO:0050796;GO:0042391;GO:0043266;GO:0019229;GO:0042542;GO:0055093;GO:0001666;GO:0009612
Q9HAT1,"Lectin, mannose binding 1 like",Heart,GO:0062023;GO:0030134;GO:0005789;GO:0005793;GO:0033116;GO:0000139;GO:0005537;GO:0006888
Q5JR59,Microtubule associated scaffold protein 2,Heart,GO:0005737;GO:0045171;GO:0005874;GO:0015630;GO:0005634;GO:0008017;GO:0042803
P0CAP1,Myocardial zonula adherens protein,Heart,GO:0070161;GO:0030864;GO:0009898;GO:0031674;GO:0005665;GO:0030018;GO:0035556
O76041,Nebulette,Heart,GO:0070062;GO:0031674;GO:0001725;GO:0030018;GO:0051015;GO:0008092;GO:0031005;GO:0008307;GO:0005523;GO:0071691
P52952,NK2 homeobox 5,Heart,GO:0000785;GO:0005737;GO:1990664;GO:0005654;GO:0005634;GO:0032991;GO:0032993;GO:0090575;GO:0005667;GO:0003682;GO:0003677;GO:0001216;GO:0001228;GO:0003700;GO:0000981;GO:0042803;GO:0000978;GO:0061629;GO:0043565;GO:1990837;GO:0000976;GO:0007512;GO:0003180;GO:0003278;GO:0055014;GO:0003228;GO:0060413;GO:0060928;GO:0060929;GO:0003162;GO:0003166;GO:0003161;GO:0055013;GO:0060038;GO:0060048;GO:0055008;GO:0060411;GO:0003211;GO:0030154;GO:0035050;GO:0060971;GO:1904019;GO:0030855;GO:0050673;GO:0007507;GO:0001947;GO:0003007;GO:0060347;GO:0030097;GO:0043066;GO:0090090;GO:0010667;GO:0045892;GO:1904036;GO:0010832;GO:0000122;GO:0003148;GO:0060037;GO:0051891;GO:0008284;GO:0045893;GO:0050679;GO:0010628;GO:0045823;GO:0045666;GO:0010765;GO:0045944;GO:0060261;GO:0003342;GO:0003350;GO:0003168;GO:1903779;GO:0060043;GO:0055117;GO:0006355;GO:0006357;GO:0003221;GO:0003285;GO:0048536;GO:0030878;GO:0006366;GO:0001570;GO:0055015;GO:0055005;GO:0060412;GO:0003222
Q96HC4,PDZ and LIM domain 5,Heart,GO:0015629;GO:0005912;GO:0042995;GO:0005829;GO:0031941;GO:0016020;GO:0014069;GO:0098793;GO:0001725;GO:0030018;GO:0003779;GO:0042805;GO:0098641;GO:0046872;GO:0051371;GO:0005080;GO:0030036;GO:0061049;GO:0007507;GO:0061061;GO:0061001;GO:0051963
Q8NBV4,Phospholipid phosphatase 7 (inactive),Heart,GO:0005789;GO:0016020;GO:0005635;GO:0042392;GO:0010832
E9PB15,Prostaglandin E synthase 3 like,Heart,GO:0005829;GO:0005634;GO:0051879;GO:0051087;GO:0051131;GO:0006457
P0DPB3,Schwannomin interacting protein 1,Heart,GO:0030054;GO:0005737;GO:0005886;GO:0042802;GO:0035332
Q9UMR3,T-box transcription factor 20,Heart,GO:0000785;GO:0005737;GO:0005634;GO:0001228;GO:0000981;GO:0000978;GO:0000977;GO:0061629;GO:1990837;GO:0003180;GO:0060413;GO:0036302;GO:0003171;GO:0008015;GO:0001569;GO:0003207;GO:0055008;GO:0003215;GO:0003279;GO:0001708;GO:0008283;GO:0009953;GO:0036306;GO:0003143;GO:0003272;GO:0003203;GO:0001706;GO:0035922;GO:0001947;GO:0048370;GO:0014031;GO:0097475;GO:0006936;GO:0045892;GO:0060392;GO:0000122;GO:0003148;GO:0003344;GO:0043065;GO:0030513;GO:0060045;GO:0090068;GO:0010718;GO:0003193;GO:0060577;GO:0006357;GO:0003175;GO:0001570;GO:0021524
P00568,Adenylate kinase 1,Heart,GO:0005737;GO:0005829;GO:0070062;GO:0001520;GO:0047506;GO:0004017;GO:0005524;GO:0004550;GO:0006172;GO:0046033;GO:0046034;GO:0015949;GO:0009142
Q6ZVZ8,Ankyrin repeat and SOCS box containing 18,Heart,GO:0005829;GO:0035556;GO:0016567
Q9P2W6,Chromosome 11 open reading frame 21,Heart,GO:0005737
Q8N9M1,Chromosome 19 open reading frame 47,Heart,GO:0005654;GO:0005634
Q13554,Calcium/calmodulin dependent protein kinase II beta,Heart,GO:0005954;GO:0005813;GO:0005737;GO:0005829;GO:0030666;GO:0043005;GO:0005654;GO:0014069;GO:0033017;GO:0003779;GO:0005524;GO:0004683;GO:0005516;GO:0042802;GO:0042803;GO:0106310;GO:0030154;GO:0007399;GO:0061003;GO:0010976;GO:0090129;GO:0046777;GO:0006468;GO:0051924;GO:0060998;GO:0048169;GO:2001222;GO:0048168;GO:1903076;GO:0014733;GO:0051823;GO:0007165
O14958,Calsequestrin 2,Heart,GO:0034704;GO:0005737;GO:0014701;GO:0016529;GO:0033018;GO:0033017;GO:0030018;GO:0005509;GO:0140314;GO:0048306;GO:0042803;GO:0060048;GO:0071313;GO:0005513;GO:0006874;GO:1901017;GO:0043267;GO:0060315;GO:0051258;GO:0086029;GO:0010881;GO:0010649;GO:0002027;GO:0060306;GO:0010880;GO:0051208;GO:0006941
Q07002,Cyclin dependent kinase 18,Heart,GO:0005737;GO:0005739;GO:0005634;GO:0005524;GO:0004693;GO:0106310;GO:0031643;GO:1901987
Q86Y22,Collagen type XXIII alpha 1 chain,Heart,GO:0005604;GO:0009986;GO:0005581;GO:0062023;GO:0005788;GO:0005615;GO:0005886;GO:0030020;GO:0008201;GO:0042802;GO:0030198
Q9Y3Q4,Hyperpolarization activated cyclic nucleotide gated potassium channel 4,Heart,GO:0030424;GO:0030425;GO:0098855;GO:0048471;GO:0005886;GO:0030552;GO:0042802;GO:0005222;GO:0005249;GO:0086041;GO:0005248;GO:0008015;GO:0071320;GO:0071321;GO:0086012;GO:0086046;GO:0006812;GO:0006936;GO:1990573;GO:0071805;GO:0098909;GO:0055117;GO:0002027;GO:0086091;GO:0003254;GO:0042391;GO:0086015;GO:0003163;GO:0098719;GO:0035725
Q16082,Heat shock protein family B (small) member 2,Heart,GO:0005737;GO:0005829;GO:0005634;GO:0008047;GO:0005212;GO:0051082;GO:0043066;GO:0042026;GO:0009408;GO:0006986;GO:0007525
P54296,Myomesin 2,Heart,GO:0031430;GO:0005739;GO:0032982;GO:0019900;GO:0008307;GO:0002074;GO:0006936;GO:0045214
O43677,NADH:ubiquinone oxidoreductase subunit C1,Heart,GO:0005743;GO:0005739;GO:0045271;GO:0008137;GO:0009060;GO:0006120;GO:0032981;GO:0042776
Q0ZGT2,Nexilin F-actin binding protein,Heart,GO:0015629;GO:0005912;GO:0030424;GO:0005925;GO:0005886;GO:0030018;GO:0051015;GO:0098632;GO:0008307;GO:0007411;GO:0070593;GO:0007156;GO:0030334;GO:0051493
O75323,Nipsnap homolog 2,Heart,GO:0005759;GO:0005741;GO:0005739;GO:0030674;GO:0007005;GO:0000423;GO:0006119;GO:1901843
Q3ZCN5,Otogelin like,Heart,GO:0031012;GO:0005615;GO:0046556;GO:0060122;GO:0046373;GO:0008104;GO:0055127
Q9BX46,RNA binding motif protein 24,Heart,GO:0005829;GO:0005654;GO:0005634;GO:0035925;GO:0003730;GO:1990715;GO:0097157;GO:1990825;GO:0061158;GO:0030154;GO:0006974;GO:0003197;GO:0061157;GO:0006397;GO:0048255;GO:2000766;GO:1905870;GO:0045663;GO:0010831;GO:1902811;GO:2000738;GO:0000381;GO:0043488;GO:0010830;GO:0008380
Q9NT68,Teneurin transmembrane protein 2,Heart,GO:0030054;GO:0005911;GO:0030425;GO:0043197;GO:0005783;GO:0030175;GO:0005794;GO:0030426;GO:0043005;GO:0005634;GO:0005886;GO:0016605;GO:0045211;GO:0045202;GO:0005509;GO:0050839;GO:0046982;GO:0042803;GO:0005102;GO:0098609;GO:0000122;GO:0048666;GO:0051491;GO:0098942;GO:0007165
Q9BYV6,Tripartite motif containing 55,Heart,GO:0005737;GO:0005874;GO:0005634;GO:0042802;GO:0030674;GO:0061630;GO:0008270;GO:0050904;GO:0045087;GO:0002523;GO:1905517;GO:1901224;GO:0070936;GO:0007165
Q96QS1,Tetraspanin 32,Heart,GO:0009986;GO:0070442;GO:0005886;GO:0007267;GO:0007010;GO:0042832;GO:0007229;GO:0030886;GO:0042130;GO:0070527;GO:0050688;GO:0042098
P17643,Tyrosinase related protein 1,Heart,GO:0030669;GO:0005737;GO:0010008;GO:0097708;GO:0042470;GO:0033162;GO:0046872;GO:0016491;GO:0042803;GO:0004503;GO:0043438;GO:0042438;GO:0030318;GO:0032438;GO:0048023
A1L167,Ubiquitin conjugating enzyme E2 Q family like 1,Heart,GO:0005654;GO:0005634;GO:0005886;GO:0005524;GO:0061631;GO:0000209
Q702N8,Xin actin binding repeat containing 1,Heart,GO:0005912;GO:0030057;GO:0051015;GO:0003723;GO:0007015;GO:0014835;GO:0032091;GO:0008104;GO:0014901
Q13023,A-kinase anchoring protein 6,Heart,GO:0034704;GO:0005901;GO:0005737;GO:0014704;GO:0014701;GO:0005635;GO:0031965;GO:0048471;GO:0016529;GO:0030315;GO:0008179;GO:0060090;GO:0051018;GO:0034237;GO:0043495;GO:0044325;GO:0001508;GO:0007189;GO:0071320;GO:0071345;GO:0070886;GO:0030307;GO:0061051;GO:1902261;GO:1901381;GO:0051281;GO:0006605;GO:0141161;GO:0060306;GO:0010880
P42127,Agouti signaling protein,Heart,GO:0005615;GO:0031779;GO:0005184;GO:0005102;GO:0031781;GO:0031782;GO:0008343;GO:0007267;GO:0044725;GO:0006091;GO:0009755;GO:0042438;GO:0032438;GO:0032402;GO:0048023;GO:0007165
Q9Y2V0,CDAN1 interacting nuclease 1,Heart,GO:0005737;GO:0005634;GO:0030218
Q9Y281,Cofilin 2,Heart,GO:0015629;GO:0005737;GO:0070062;GO:0005615;GO:0031674;GO:0016363;GO:0030018;GO:0051015;GO:0030042;GO:0030043;GO:0051014;GO:0046716;GO:0030836;GO:0045214;GO:0007519
Q8WVH0,Complexin 3,Heart,GO:0005829;GO:0098684;GO:0048787;GO:0031201;GO:0030672;GO:0043195;GO:0005326;GO:0000149;GO:0019905;GO:0030073;GO:0050804;GO:0046928;GO:0031630;GO:0016079;GO:0007601
Q9Y4J8,Dystrobrevin alpha,Heart,GO:0030424;GO:0030054;GO:0005737;GO:0031234;GO:0045111;GO:0005654;GO:0005886;GO:0032991;GO:0042383;GO:0045202;GO:0030165;GO:0008270;GO:0007268;GO:0007274;GO:0007165;GO:0006941;GO:0099536
P00505,Glutamic-oxaloacetic transaminase 2,Heart,GO:0070062;GO:0005759;GO:0005739;GO:0005886;GO:0016212;GO:0004069;GO:0030170;GO:0003723;GO:0006103;GO:0019470;GO:0006532;GO:0006533;GO:0006531;GO:0015908;GO:0019550;GO:0006536;GO:0043490;GO:0006107;GO:0045471
P13807,Glycogen synthase 1,Heart,GO:0005737;GO:0005829;GO:0016234;GO:0016020;GO:0004373;GO:0005536;GO:0061547;GO:0005978;GO:0007507
Q13639,5-hydroxytryptamine receptor 4,Heart,GO:0005737;GO:0030425;GO:0010008;GO:0098978;GO:0016020;GO:0005886;GO:0098794;GO:0004993;GO:0030594;GO:0099589;GO:0007189;GO:0007192;GO:0007188;GO:0007268;GO:0007186;GO:0007187;GO:0120056;GO:0030277;GO:0070254;GO:0032098;GO:0150052
P15382,Potassium voltage-gated channel subfamily E regulatory subunit 1,Heart,GO:0016324;GO:0009986;GO:0005764;GO:0045121;GO:0005886;GO:0008076;GO:0030018;GO:0005251;GO:0015459;GO:0044877;GO:0031433;GO:0044325;GO:0086002;GO:0086003;GO:0071468;GO:0071320;GO:0071482;GO:0002070;GO:0008584;GO:0086009;GO:0086011;GO:0086013;GO:0098915;GO:1902260;GO:0090315;GO:1901381;GO:0097623;GO:0071805;GO:1902259;GO:0086091;GO:1901379;GO:0043266;GO:0060307;GO:0033363;GO:0007605;GO:0086005;GO:0021750
O43896,Kinesin family member 1C,Heart,GO:0030424;GO:1904115;GO:0005737;GO:0030425;GO:0005783;GO:0005794;GO:0005871;GO:0005874;GO:0005524;GO:0016887;GO:0003774;GO:0008017;GO:0008574;GO:0003723;GO:1990048;GO:1990049;GO:0006890;GO:0016192
Q9BYS8,Leucine rich repeat containing 2,Heart,GO:0035556
Q8NCU8,Mitoregulin,Heart,GO:0005743;GO:0005739;GO:0045333;GO:0006635;GO:0006629;GO:0032000;GO:0010918;GO:0031334;GO:0051284;GO:0051146;GO:0070328
P19105,Myosin light chain 12A,Heart,GO:0005737;GO:0005829;GO:0070062;GO:0016460;GO:0001725;GO:0030018;GO:0005509;GO:0035254;GO:0070527;GO:0072659;GO:0008360
O75949,NALCN channel auxiliary factor 2,Heart,GO:0005886;GO:0098703
O96000,NADH:ubiquinone oxidoreductase subunit B10,Heart,GO:0005743;GO:0005739;GO:0045271;GO:0008137;GO:0009060;GO:0006120;GO:0032981;GO:0042776
Q9UKS6,Protein kinase C and casein kinase substrate in neurons 3,Heart,GO:0005737;GO:0005829;GO:0005768;GO:0070062;GO:0005886;GO:0019855;GO:0008092;GO:0042802;GO:0008289;GO:0005543;GO:0007010;GO:0006897;GO:0051926;GO:0045806;GO:0097320;GO:0051044;GO:0030100
Q6ZVX9,Progestin and adipoQ receptor family member 9,Heart,GO:0005886;GO:0038023;GO:0005496
P26678,Phospholamban,Heart,GO:0090534;GO:0005783;GO:0005789;GO:0016020;GO:0031966;GO:0005739;GO:0048471;GO:0016529;GO:0033017;GO:0051117;GO:0042030;GO:0004857;GO:0042802;GO:0042803;GO:0001675;GO:0086023;GO:0008015;GO:0048738;GO:0050802;GO:0006874;GO:0045475;GO:0046716;GO:0032780;GO:1901895;GO:1901877;GO:0090281;GO:1902081;GO:1901020;GO:0051926;GO:0043086;GO:0010459;GO:0007219;GO:1901894;GO:0051924;GO:0086004;GO:0086036;GO:0010881;GO:0051480;GO:0008016;GO:1901897;GO:0002026;GO:0086092;GO:0055119;GO:0008542
Q8WVI7,Protein phosphatase 1 regulatory inhibitor subunit 1C,Heart,GO:0005737;GO:0004864;GO:0051301;GO:0035556
Q06190,Protein phosphatase 2 regulatory subunit B''alpha,Heart,GO:0000159;GO:0005509;GO:0019888;GO:0030674;GO:0001754;GO:0090090;GO:0090263;GO:0045732;GO:0006470;GO:0060828;GO:0090249;GO:0007525;GO:0061053;GO:0001756
Q9Y5P8,Protein phosphatase 2 regulatory subunit B''beta,Heart,GO:0005829;GO:0005654;GO:0005634;GO:0000159;GO:0005509;GO:0019888;GO:0006470;GO:0051726
O75365,Protein tyrosine phosphatase 4A3,Heart,GO:0005737;GO:0005769;GO:0005634;GO:0005886;GO:0140793;GO:0004726;GO:0004725;GO:0030946;GO:1990830;GO:0043542;GO:0007219;GO:1904951;GO:1901224;GO:0043117;GO:0006355;GO:1900746
A1KZ92,Peroxidasin like,Heart,GO:0005783;GO:0005615;GO:0005886;GO:0004519;GO:0020037;GO:0140825;GO:0046872;GO:0004601;GO:0042744;GO:0006979
P55042,"RRAD, Ras related glycolysis inhibitor and calcium channel regulator",Heart,GO:0005829;GO:0005886;GO:0005246;GO:0005516;GO:0005525;GO:0003924;GO:0007264
Q16586,Sarcoglycan alpha,Heart,GO:0005911;GO:0005737;GO:0005856;GO:0016010;GO:0045121;GO:0016012;GO:0042383;GO:0005509;GO:0006936;GO:0007517;GO:0014894;GO:0043403
Q6PIV7,Solute carrier family 25 member 34,Heart,GO:0005743;GO:0001835
P12235,Solute carrier family 25 member 4,Heart,GO:0016020;GO:0005743;GO:0031966;GO:0005757;GO:0005739;GO:0005886;GO:0015207;GO:0005471;GO:0017077;GO:0015078;GO:1990845;GO:0015866;GO:0008637;GO:0006091;GO:0140021;GO:1990544;GO:0000002;GO:1901029;GO:0060546;GO:1901526;GO:0046902
P35346,Somatostatin receptor 5,Heart,GO:0043005;GO:0005886;GO:0042923;GO:0004994;GO:0071385;GO:0007186;GO:0007187;GO:0008285;GO:0007218;GO:0032467;GO:0050796
Q8N3V7,Synaptopodin,Heart,GO:0015629;GO:0005923;GO:0005829;GO:0043197;GO:0005634;GO:0043204;GO:0005886;GO:0014069;GO:0097444;GO:0001725;GO:0030018;GO:0003779;GO:0098886;GO:0032233;GO:0051492;GO:1905355
Q59H18,TNNI3 interacting kinase,Heart,GO:0005737;GO:0005634;GO:0004676;GO:0004679;GO:0005524;GO:0004677;GO:0004694;GO:0044024;GO:0072371;GO:1990244;GO:0035979;GO:0044025;GO:0140823;GO:0035175;GO:0044022;GO:0140855;GO:0035402;GO:0072354;GO:0140857;GO:0035403;GO:0044023;GO:0046872;GO:0004672;GO:0106310;GO:0072518;GO:0004711;GO:0086069;GO:0036289;GO:0006468;GO:1903779;GO:0055117;GO:0002027
Q9Y277,Voltage dependent anion channel 3,Heart,GO:0070062;GO:0016020;GO:0005741;GO:0005739;GO:0005634;GO:0046930;GO:0045202;GO:0000166;GO:0015288;GO:0008308;GO:0005244;GO:0015853;GO:0001662;GO:0007612;GO:0007270;GO:0120317;GO:0007283
Q2TAL6,Von Willebrand factor C domain containing 2,Heart,GO:0032281;GO:0005604;GO:0005615;GO:0098890;GO:0098978;GO:0005614;GO:0030514;GO:0099645;GO:0010811;GO:0045666
Q9NU63,ZFP57 zinc finger protein,Heart,GO:0005634;GO:0003682;GO:0000981;GO:0046872;GO:0000977;GO:0141068;GO:0006357
Q9UKP4,ADAM metallopeptidase with thrombospondin type 1 motif 7,Heart,GO:0009986;GO:0005788;GO:0031012;GO:0005576;GO:0046872;GO:0004222;GO:0008237;GO:0071773;GO:0071347;GO:0071356;GO:0002062;GO:0030199;GO:0030198;GO:0032331;GO:0043931;GO:0006029;GO:0051603
Q86TB3,Alpha kinase 2,Heart,GO:0016323;GO:0004676;GO:0004679;GO:0005524;GO:0004677;GO:0004694;GO:0044024;GO:0072371;GO:1990244;GO:0035979;GO:0044025;GO:0140823;GO:0035175;GO:0044022;GO:0140855;GO:0035402;GO:0072354;GO:0140857;GO:0035403;GO:0044023;GO:0106310;GO:0072518;GO:0004711;GO:0055013;GO:1905223;GO:0030010;GO:0003007;GO:0003308;GO:0042981;GO:0010468
Q96L96,Alpha kinase 3,Heart,GO:0005634;GO:0004676;GO:0004679;GO:0005524;GO:0004677;GO:0004694;GO:0044024;GO:0072371;GO:1990244;GO:0035979;GO:0044025;GO:0140823;GO:0035175;GO:0044022;GO:0140855;GO:0035402;GO:0072354;GO:0140857;GO:0035403;GO:0044023;GO:0106310;GO:0072518;GO:0004711;GO:0055013;GO:0007507
Q6ZP82,Coiled-coil domain containing 141,Heart,GO:0005813;GO:0005737;GO:0051642;GO:0021799
Q9H159,Cadherin 19,Heart,GO:0005912;GO:0016342;GO:0005886;GO:0008013;GO:0045296;GO:0005509;GO:0034332;GO:0016339;GO:0016477;GO:0000902;GO:0044331;GO:0007043;GO:0007156
Q9NX63,Coiled-coil-helix-coiled-coil-helix domain containing 3,Heart,GO:0070062;GO:0140275;GO:0061617;GO:0044284;GO:0005743;GO:0005739;GO:0005634;GO:0001401;GO:0060090;GO:0019902;GO:0042407;GO:0007007;GO:0008053
Q9HCH3,Copine 5,Heart,GO:0070062;GO:0043005;GO:0043204;GO:0005886;GO:0005544;GO:0046872;GO:0030154;GO:0071277;GO:1903861
Q92523,Carnitine palmitoyltransferase 1B,Heart,GO:0005741;GO:0005739;GO:0004095;GO:0009437;GO:0006853;GO:0006635;GO:0006631;GO:0015909;GO:0009637
P52943,Cysteine rich protein 2,Heart,GO:0005938;GO:0008270;GO:0030097;GO:0008284
P51589,Cytochrome P450 family 2 subfamily J member 2,Heart,GO:0005737;GO:0005789;GO:0070062;GO:0043231;GO:0008405;GO:0008404;GO:0106301;GO:0008392;GO:0020037;GO:0106255;GO:0005506;GO:0016853;GO:0071614;GO:0004497;GO:0016712;GO:0019373;GO:0006631;GO:0006690;GO:0043651;GO:0006082;GO:0008016;GO:0006805
P61328,Fibroblast growth factor 12,Heart,GO:0005737;GO:0005615;GO:0005634;GO:0045202;GO:0008083;GO:0008201;GO:0017080;GO:0044325;GO:0008344;GO:0086002;GO:0007267;GO:0007268;GO:0007507;GO:0007254;GO:0007399;GO:0022008;GO:0050905;GO:0010765;GO:0098908;GO:1902305;GO:2000649;GO:1905150;GO:0007165
Q8N6M3,Fat storage inducing transmembrane protein 2,Heart,GO:0005789;GO:0010945;GO:0019992;GO:0017129;GO:0007010;GO:0036115;GO:0035356;GO:0140042;GO:0034389;GO:0055088;GO:0019915;GO:0008654;GO:0010890;GO:0022604;GO:0010866;GO:0030730
Q9C0E4,Glutamate receptor interacting protein 2,Heart,GO:0005829;GO:0030425;GO:0098978;GO:0044309;GO:0043025;GO:0005886;GO:0099092;GO:0045211;GO:0035254;GO:0014824;GO:0098887;GO:0007219;GO:0045777;GO:0099003
P48735,Isocitrate dehydrogenase (NADP(+)) 2,Heart,GO:0005829;GO:0070062;GO:0005759;GO:0005739;GO:0005777;GO:0004450;GO:0000287;GO:0051287;GO:0006103;GO:0005975;GO:0006097;GO:0006102;GO:0006739;GO:0006099
A6NHZ5,Leucine rich repeat containing 14B,Heart,
Q16644,MAPK activated protein kinase 3,Heart,GO:0005737;GO:0005829;GO:0005654;GO:0005634;GO:0004676;GO:0004679;GO:0005524;GO:0009931;GO:0004683;GO:0005516;GO:0004677;GO:0004694;GO:0044024;GO:0072371;GO:1990244;GO:0035979;GO:0044025;GO:0140823;GO:0035175;GO:0044022;GO:0140855;GO:0035402;GO:0072354;GO:0140857;GO:0035403;GO:0044023;GO:0004708;GO:0051019;GO:0106310;GO:0004674;GO:0072518;GO:0004711;GO:0035556;GO:0044351;GO:0018105;GO:0034097;GO:0032496;GO:0007165;GO:0002224;GO:0048010
P0DM35,Metallothionein 1H like 1,Heart,GO:0005737;GO:0005634;GO:0046872;GO:0071276;GO:0071280;GO:0071294;GO:0010273;GO:0006882
Q63HM9,Phosphatidylinositol specific phospholipase C X domain containing 3,Heart,GO:0005737;GO:0045202;GO:0008081;GO:0016042;GO:0007165
Q9HBU9,Popeye domain containing 2,Heart,GO:0016020;GO:0042383;GO:0030552;GO:0007507;GO:0002027;GO:0042391;GO:0007519;GO:0051146
P81277,Prolactin releasing hormone,Heart,GO:0005576;GO:0005179;GO:0005184;GO:0031861;GO:0048483;GO:0042755;GO:0006112;GO:0045444;GO:0007631;GO:0007186;GO:0006629;GO:0040014;GO:0002021;GO:0009749;GO:0032868;GO:0043434;GO:0001894
Q5T4F7,Secreted frizzled related protein 5,Heart,GO:0005615;GO:0017147;GO:0009653;GO:0006915;GO:0060070;GO:0030154;GO:0048546;GO:0007163;GO:0090090;GO:0008285;GO:2000051;GO:0051898;GO:0030178;GO:0035567;GO:0006357;GO:0007165;GO:0007601
Q02978,Solute carrier family 25 member 11,Heart,GO:0005743;GO:0005739;GO:0005634;GO:0005886;GO:0015297;GO:0015140;GO:0015131;GO:0015367;GO:0003723;GO:0015141;GO:0015116;GO:0015117;GO:0006094;GO:0006869;GO:0071423;GO:0043490;GO:0015729;GO:0035435;GO:0071422;GO:1902358;GO:0015709
P32418,Solute carrier family 8 member A1,Heart,GO:0030424;GO:0043679;GO:0071944;GO:0030425;GO:0014704;GO:0043025;GO:0005654;GO:0005886;GO:0098794;GO:0014069;GO:0042383;GO:0045202;GO:0030315;GO:0030018;GO:0030506;GO:0005509;GO:0005432;GO:0005516;GO:0008092;GO:0044325;GO:1901660;GO:0055074;GO:0070509;GO:0098703;GO:0097553;GO:0070588;GO:0060402;GO:0055013;GO:0060048;GO:0086064;GO:0071313;GO:0034614;GO:0006874;GO:0006883;GO:0086012;GO:0006811;GO:0006936;GO:0051481;GO:0071901;GO:0030501;GO:0098735;GO:1903779;GO:0010882;GO:0010881;GO:0010649;GO:0010468;GO:0002027;GO:0002026;GO:0055119;GO:0044557;GO:0035994;GO:0036376;GO:0098719;GO:0035725;GO:0014829
P0DMW5,Small integral membrane protein 10 like 2B,Heart,
Q96N03,V-set and transmembrane domain containing 2 like,Heart,GO:0005737;GO:0005576;GO:0016020;GO:0043524
Q8N0Z2,Actin binding Rho activating protein,Heart,GO:0015629;GO:0005886;GO:0030017;GO:0003779;GO:0030036;GO:0035025;GO:0045944;GO:0006606;GO:0006366
Q99798,Aconitase 2,Heart,GO:0005829;GO:0005759;GO:0005739;GO:0051538;GO:0051539;GO:0003994;GO:0005506;GO:0006101;GO:0006091;GO:0006102;GO:0001889;GO:0035900;GO:0006099
Q86TH1,ADAMTS like 2,Heart,GO:0031012;GO:0005576;GO:0050436;GO:0030198;GO:0060481;GO:0030512
O95622,Adenylate cyclase 5,Heart,GO:0005929;GO:0016020;GO:0005886;GO:0004016;GO:0008179;GO:0005524;GO:0046872;GO:0097110;GO:0007191;GO:0007189;GO:0007195;GO:0007193;GO:0006171;GO:1904322;GO:0001973;GO:0035556;GO:0007626;GO:0050885;GO:0007204;GO:0061178
Q6QNK2,Adhesion G protein-coupled receptor D1,Heart,GO:0005829;GO:0016020;GO:0016607;GO:0005654;GO:0005886;GO:0004930;GO:0007189;GO:0007166;GO:0007186
P08588,Adrenoceptor beta 1,Heart,GO:0005769;GO:0098992;GO:0005886;GO:0098685;GO:0031694;GO:0004939;GO:0004940;GO:0099579;GO:0030165;GO:0046982;GO:0071880;GO:0050873;GO:0002024;GO:0042596;GO:0031649;GO:0040015;GO:0002025;GO:0120162;GO:0001996;GO:0043410;GO:0001997;GO:0045187;GO:0009409
Q96BM1,Ankyrin repeat domain 9,Heart,GO:0031466;GO:0031410;GO:0005829;GO:1990756;GO:0006878;GO:0043161;GO:0016567
Q9Y235,Apolipoprotein B mRNA editing enzyme catalytic subunit 2,Heart,GO:0005737;GO:0005634;GO:0004126;GO:0042802;GO:0046872;GO:0003723;GO:0016554;GO:0016556;GO:0006397;GO:0044029
O14520,Aquaporin 7,Heart,GO:0016323;GO:0005911;GO:0005737;GO:0030659;GO:0005811;GO:0005886;GO:0015254;GO:0015204;GO:0015250;GO:0015793;GO:0006833
Q13510,N-acylsphingosine amidohydrolase 1,Heart,GO:0070062;GO:0005576;GO:0005615;GO:1904813;GO:0043202;GO:0005764;GO:0016020;GO:0005634;GO:1904724;GO:0017064;GO:0016811;GO:0017040;GO:0016922;GO:0003714;GO:0071356;GO:0046513;GO:0046514;GO:0006631;GO:0030216;GO:0062098;GO:0050810;GO:0046512
Q8WXI3,Ankyrin repeat and SOCS box containing 10,Heart,GO:0005737;GO:0005829;GO:0005634;GO:0035556;GO:0016567
Q8WXK1,Ankyrin repeat and SOCS box containing 15,Heart,GO:0005829;GO:0010008;GO:0031267;GO:0090160;GO:0035556;GO:0016567;GO:0042147
Q86U10,Asparaginase,Heart,GO:0005829;GO:0003847;GO:0016747;GO:0004067;GO:0004622;GO:0009066;GO:0016042
Q9BXN1,Asporin,Heart,GO:0042995;GO:0062023;GO:0031012;GO:0005615;GO:0005509;GO:0030282;GO:0070171;GO:0030512;GO:1902617
P48201,ATP synthase membrane subunit c locus 3,Heart,GO:0005743;GO:0005739;GO:0045263;GO:0008289;GO:0015078;GO:0015986
O75752,"Beta-1,3-N-acetylgalactosaminyltransferase 1 (globoside blood group)",Heart,GO:0000139;GO:0047273;GO:0008499;GO:0006688;GO:0009312;GO:0006493
O43825,"Beta-1,3-galactosyltransferase 2",Heart,GO:0000139;GO:0047275;GO:0008499;GO:0006682;GO:0009312;GO:0006486;GO:0006493
Q9BYV7,Beta-carotene oxygenase 2,Heart,GO:0005759;GO:0005739;GO:0010437;GO:0102076;GO:0003834;GO:0010436;GO:0046872;GO:0016702;GO:0016121;GO:0016119;GO:0016116;GO:0062172;GO:1901176;GO:0051881;GO:2000377;GO:0042574;GO:0042573;GO:0016124;GO:1901826
P21810,Biglycan,Heart,GO:0009986;GO:0062023;GO:0070062;GO:0031012;GO:0005576;GO:0005615;GO:0005796;GO:0043202;GO:0042383;GO:0030133;GO:0019955;GO:0050840;GO:0005201;GO:0030021;GO:0005539;GO:0061975;GO:0060348
Q8NE79,Blood vessel epicardial substance,Heart,GO:0005923;GO:0005901;GO:0030054;GO:0031253;GO:0016328;GO:0016020;GO:0005886;GO:0042383;GO:0030552;GO:0005198;GO:0060973;GO:0090136;GO:0007507;GO:0002244;GO:0007517;GO:0040017;GO:0001921;GO:0008360;GO:2001135;GO:0043087;GO:0002027;GO:0042391;GO:0002931;GO:0060931;GO:0007519;GO:0051146;GO:0034446;GO:0048278;GO:0016192
Q9Y6E2,Basic leucine zipper and W2 domains 2,Heart,GO:0005737;GO:0016020;GO:0045296;GO:0006446
Q8N912,Chromosome 14 open reading frame 180,Heart,GO:0005886
Q6ZR85,Chromosome 17 open reading frame 107,Heart,
O95561,Chromosome 1 open reading frame 105,Heart,
Q9BXJ1,C1q and TNF related 1,Heart,GO:0005581;GO:0005615;GO:0005886;GO:0005518;GO:0042802;GO:0010544;GO:0090331;GO:2000860;GO:0007204;GO:0010628;GO:0043410;GO:0051897;GO:0010906
Q13936,Calcium voltage-gated channel subunit alpha1 C,Heart,GO:0005737;GO:0030425;GO:1990454;GO:0016020;GO:0043204;GO:0005886;GO:0014069;GO:0098839;GO:0005891;GO:0030018;GO:0051393;GO:0005516;GO:0008331;GO:0046872;GO:0005245;GO:0086056;GO:0086007;GO:0098703;GO:0070588;GO:0061577;GO:0060402;GO:0043010;GO:0061337;GO:0086002;GO:0086064;GO:0035115;GO:0007507;GO:0002520;GO:0098912;GO:0086045;GO:0086012;GO:0045762;GO:0007204;GO:0045933;GO:0010881;GO:0086091;GO:0098911
Q13557,Calcium/calmodulin dependent protein kinase II delta,Heart,GO:0005954;GO:0005737;GO:0005829;GO:0030666;GO:0016020;GO:0043005;GO:0005654;GO:0005634;GO:0014069;GO:0042383;GO:0033017;GO:0005524;GO:0004683;GO:0005516;GO:0042802;GO:0042803;GO:0106310;GO:0004674;GO:0019871;GO:0031432;GO:0044325;GO:0086003;GO:0071277;GO:0032469;GO:1902306;GO:2000650;GO:0018105;GO:0018107;GO:0010666;GO:0010613;GO:0046777;GO:0006468;GO:1902514;GO:0098901;GO:0098909;GO:0010881;GO:0010649;GO:1901844;GO:0001558;GO:0060341;GO:0008016;GO:0086091;GO:0003254;GO:0048168;GO:1903076;GO:1901897;GO:0010880;GO:0060314;GO:0002026;GO:0006357;GO:0055119;GO:0007165
P55290,Cadherin 13,Heart,GO:0005912;GO:0016342;GO:0005901;GO:0062023;GO:0005737;GO:0009897;GO:0070062;GO:0005576;GO:0005615;GO:0005925;GO:0098982;GO:0043005;GO:0048471;GO:0005886;GO:0055100;GO:0008013;GO:0045296;GO:0005509;GO:0042802;GO:0071813;GO:0030169;GO:0034332;GO:0016339;GO:0016477;GO:0000902;GO:0044331;GO:0007043;GO:0043542;GO:0007156;GO:0043616;GO:0030032;GO:0051668;GO:0055096;GO:0007162;GO:0008285;GO:0050850;GO:0030335;GO:0001954;GO:0001938;GO:0050927;GO:0048661;GO:0045944;GO:0016601;GO:0030100;GO:0042058;GO:0007266;GO:0002040
P19022,Cadherin 2,Heart,GO:0005912;GO:0045177;GO:0016324;GO:0016327;GO:0016323;GO:0016342;GO:0030054;GO:0009986;GO:0005911;GO:0062023;GO:0005737;GO:0030057;GO:0005788;GO:0005916;GO:0005925;GO:0014704;GO:0030027;GO:0043005;GO:0005886;GO:0044853;GO:0014069;GO:0099634;GO:0048787;GO:0042383;GO:0045294;GO:0008013;GO:0045296;GO:0005509;GO:0045295;GO:0042802;GO:0019901;GO:0019903;GO:0003723;GO:0034332;GO:0048514;GO:0048854;GO:0016339;GO:0007155;GO:0016477;GO:0000902;GO:0098609;GO:0044331;GO:0007043;GO:0021987;GO:0035995;GO:0010001;GO:0007157;GO:0048872;GO:0007156;GO:0090497;GO:0090090;GO:0014032;GO:0060563;GO:0097118;GO:0097150;GO:0043410;GO:2000809;GO:0072659;GO:0060019;GO:0070445;GO:1902897;GO:0051146;GO:0007416;GO:0097091;GO:0003323
Q8NHU2,Cilia and flagella associated protein 61,Heart,GO:0005930;GO:0031514;GO:0003341;GO:0044782;GO:0120316
Q8WYQ3,Coiled-coil-helix-coiled-coil-helix domain containing 10,Heart,GO:0061617;GO:0005758;GO:0005739;GO:0005634;GO:0051457;GO:0099558;GO:0031930;GO:0090144;GO:0007005;GO:0006119;GO:1903852;GO:1901030;GO:1903109;GO:0065003;GO:0030322
P08172,Cholinergic receptor muscarinic 2,Heart,GO:0032279;GO:0043679;GO:0098981;GO:0030669;GO:0030425;GO:0098978;GO:0016020;GO:0043025;GO:0005886;GO:0045211;GO:0042734;GO:0032280;GO:0045202;GO:1990763;GO:0016907;GO:0007197;GO:0007188;GO:0007268;GO:0007213;GO:0007186;GO:0007187;GO:0007399;GO:0007207;GO:0099171;GO:0008016;GO:0006940;GO:0009615
O75838,Calcium and integrin binding family member 2,Heart,GO:0072562;GO:0071944;GO:0032437;GO:0005737;GO:0005927;GO:0031594;GO:0001917;GO:0001750;GO:0042383;GO:0032420;GO:0005509;GO:0005178;GO:0000287;GO:0042803;GO:0055074;GO:0071318;GO:0045494;GO:0007204
O14967,Calmegin,Heart,GO:0005783;GO:0005789;GO:0005635;GO:0005509;GO:0044183;GO:0051082;GO:0007339;GO:0036503;GO:0006457;GO:0065003;GO:0007338
Q9NZA1,Chloride intracellular channel 5,Heart,GO:0015629;GO:0016324;GO:0005938;GO:0005813;GO:0034707;GO:0070062;GO:0005794;GO:0005743;GO:0120044;GO:0005254;GO:0016491;GO:0006821;GO:0007565;GO:0007605;GO:0007601
Q9Y215,Collagen like tail subunit of asymmetric acetylcholinesterase,Heart,GO:0005604;GO:0030054;GO:0005581;GO:0062023;GO:0005615;GO:0031594;GO:0005886;GO:0043083;GO:0030020;GO:0008201;GO:0001507;GO:0090150;GO:0030198;GO:0008582;GO:0071340
P49747,Cartilage oligomeric matrix protein,Heart,GO:0062023;GO:0070062;GO:0031012;GO:0005576;GO:0005615;GO:0032991;GO:0036122;GO:0005509;GO:0005518;GO:0005201;GO:0043395;GO:0008201;GO:0005178;GO:0002020;GO:0043394;GO:0009887;GO:0006915;GO:0048844;GO:0030509;GO:0030282;GO:1990079;GO:0090398;GO:0002063;GO:0035988;GO:0030199;GO:0003417;GO:0060173;GO:0035264;GO:0050881;GO:0043066;GO:1900047;GO:0070527;GO:1902732;GO:0051260;GO:0016485;GO:0009306;GO:0030500;GO:0010468;GO:0006986;GO:0001501;GO:0043588;GO:0035989;GO:0097084;GO:0014829
P20674,Cytochrome c oxidase subunit 5A,Heart,GO:0005743;GO:0005758;GO:0031966;GO:0005739;GO:0045277;GO:0004129;GO:0009055;GO:0046872;GO:0045333;GO:0006123
P10606,Cytochrome c oxidase subunit 5B,Heart,GO:0005743;GO:0031966;GO:0005739;GO:0045277;GO:0004129;GO:0046872;GO:0045333;GO:0006123;GO:0007585
Q6Q6R5,Cysteine rich protein 3,Heart,GO:0005737;GO:0046872
O75462,Cytokine receptor like factor 1,Heart,GO:0097058;GO:0005829;GO:0009897;GO:0005576;GO:0005615;GO:0043235;GO:0019955;GO:0004896;GO:0097696;GO:0019221;GO:2000672;GO:0043524;GO:0008284;GO:0001657
P02511,Crystallin alpha B,Heart,GO:0032432;GO:0030424;GO:0097512;GO:0009986;GO:0005737;GO:0005829;GO:0043197;GO:0070062;GO:0005764;GO:0031430;GO:0005739;GO:0005654;GO:0005634;GO:0043204;GO:0032991;GO:0097060;GO:0030018;GO:0001540;GO:0042802;GO:0046872;GO:0008017;GO:0042803;GO:0044877;GO:0005212;GO:0005198;GO:0051082;GO:0060561;GO:0071480;GO:0002088;GO:0031109;GO:0006936;GO:0007517;GO:1905907;GO:0043066;GO:0030308;GO:0045892;GO:0010629;GO:0032387;GO:0031333;GO:2000378;GO:0006457;GO:0042026;GO:0050821;GO:0043067;GO:0032355;GO:0009408;GO:0042542;GO:0001666;GO:0051403;GO:0007021
Q14894,Crystallin mu,Heart,GO:0005737;GO:0005829;GO:0070062;GO:0005739;GO:0005634;GO:0005782;GO:0050661;GO:0042803;GO:0047127;GO:0070324;GO:0003714;GO:0006554;GO:0000122;GO:0007605;GO:0042403;GO:0070327
Q9Y534,Cold shock domain containing C2,Heart,GO:0005737;GO:0005634;GO:0003730;GO:0003723;GO:0006397;GO:0043488
P50461,Cysteine and glycine rich protein 3,Heart,GO:0005737;GO:0005856;GO:0005829;GO:0005654;GO:0005634;GO:0030018;GO:0003779;GO:0042805;GO:0042802;GO:0046872;GO:0008307;GO:0031433;GO:0060048;GO:0003300;GO:0048738;GO:0055003;GO:0035995;GO:0042593;GO:0006954;GO:0008286;GO:0006874;GO:0046716;GO:0060537;GO:1903919;GO:0045662;GO:0141212;GO:1903920;GO:0045663;GO:0045944;GO:0033365;GO:1903076;GO:0002026;GO:0045214;GO:0007519;GO:0033292
O75638,Cancer/testis antigen 2,Heart,GO:0005813;GO:0070525
Q8WWM9,Cytoglobin,Heart,GO:0005737;GO:0005829;GO:0043005;GO:0043025;GO:0005634;GO:0070025;GO:0004096;GO:0047888;GO:0020037;GO:0005506;GO:0141118;GO:0098809;GO:0016491;GO:0019825;GO:0005344;GO:0004601;GO:0004784;GO:0019395;GO:0032966;GO:0010764;GO:2000490;GO:0046210;GO:0015671;GO:0019430;GO:0001666;GO:0006979
Q8N907,DAN domain BMP antagonist family member 5,Heart,GO:0005576;GO:0005615;GO:0016015;GO:0003283;GO:0061371;GO:0003140;GO:0007368;GO:0030514;GO:1900108;GO:0030512;GO:0038092;GO:0035582;GO:0038101;GO:0023019;GO:0003281
Q6PH85,Defective in cullin neddylation 1 domain containing 2,Heart,GO:0005737;GO:0005634;GO:0000151;GO:0097602;GO:0031624;GO:0032182;GO:2000436;GO:0045116;GO:2000434
Q99489,D-aspartate oxidase,Heart,GO:0005737;GO:0005829;GO:0005782;GO:0005777;GO:0008445;GO:0047821;GO:0071949;GO:0006533;GO:0006531;GO:0019478;GO:0007625;GO:0042445;GO:0007320;GO:0050877;GO:0010646
Q16698,"2,4-dienoyl-CoA reductase 1",Heart,GO:1902494;GO:0005829;GO:0005759;GO:0005739;GO:0005654;GO:0005634;GO:0008670;GO:0042802;GO:0070402;GO:0006635;GO:0120162
P17661,Desmin,Heart,GO:0097512;GO:0051286;GO:0005911;GO:0005829;GO:0070062;GO:0005916;GO:0014704;GO:0005882;GO:0045111;GO:0031594;GO:0005635;GO:0005634;GO:0042383;GO:0030018;GO:0008092;GO:0042802;GO:0005200;GO:0007010;GO:0045109;GO:0006936;GO:0006998;GO:0008016;GO:0060538
Q9BPW9,Dehydrogenase/reductase 9,Heart,GO:0005789;GO:0043231;GO:0004022;GO:0004745;GO:0047044;GO:0047023;GO:0016854;GO:0047035;GO:0042904;GO:0008209;GO:0030855;GO:0042448;GO:0042572;GO:0008202
O95057,DIRAS family GTPase 1,Heart,GO:0005886;GO:0019003;GO:0005525;GO:0003924;GO:0007165
Q9UBP4,Dickkopf WNT signaling pathway inhibitor 3,Heart,GO:0005615;GO:0039706;GO:0048019;GO:0030325;GO:0009653;GO:0032348;GO:1902613;GO:0090090;GO:2000065;GO:0045892;GO:0017015;GO:0016055
Q18PE1,Docking protein 7,Heart,GO:0005739;GO:0005654;GO:0005886;GO:0045202;GO:0008289;GO:0019901;GO:0007528;GO:0061098
Q92784,Double PHD fingers 3,Heart,GO:0035060;GO:0000785;GO:0071565;GO:0005654;GO:0016514;GO:0008270;GO:0006338;GO:0007517;GO:0007399;GO:0045597;GO:2000781;GO:0045663;GO:0070316;GO:2000045;GO:0030071;GO:2000819;GO:0006357
O14531,Dihydropyrimidinase like 4,Heart,GO:0005829;GO:0031005;GO:0016812;GO:0007399
Q9H6Z9,Egl-9 family hypoxia inducible factor 3,Heart,GO:0005737;GO:0005829;GO:0005654;GO:0005634;GO:0016706;GO:0008198;GO:0160082;GO:0031418;GO:0031545;GO:0006915;GO:0071456;GO:0006974;GO:2001056;GO:0018126;GO:0042127;GO:0043523;GO:0001666
O14602,Eukaryotic translation initiation factor 1A Y-linked,Heart,GO:0005737;GO:0003743;GO:0000049;GO:0006413
O60739,Eukaryotic translation initiation factor 1B,Heart,GO:0016282;GO:0043024;GO:0003723;GO:0003743;GO:0006446
Q9NRM1,Enamelin,Heart,GO:0005788;GO:0031012;GO:0005576;GO:0030345;GO:0036305;GO:0097186;GO:0031214;GO:0070175
P17813,Endoglin,Heart,GO:0009986;GO:0072563;GO:0009897;GO:0005615;GO:0005925;GO:0016604;GO:0005886;GO:0043235;GO:0048185;GO:0015026;GO:0005534;GO:0005539;GO:0042802;GO:0042803;GO:0030546;GO:0050431;GO:0005024;GO:0004888;GO:0034713;GO:0005114;GO:0048844;GO:0055009;GO:1905222;GO:0030509;GO:0060348;GO:0001569;GO:0003209;GO:0003208;GO:0007155;GO:0060326;GO:0016477;GO:0003273;GO:0048870;GO:0071260;GO:0022009;GO:0070483;GO:0035912;GO:0003203;GO:0001837;GO:0003198;GO:0070278;GO:0022617;GO:0001947;GO:0030336;GO:0001937;GO:0010629;GO:0060392;GO:0000122;GO:0030512;GO:0003148;GO:0045766;GO:0030513;GO:0032967;GO:1905007;GO:0010628;GO:0051897;GO:0060391;GO:0003084;GO:0045944;GO:1905065;GO:0030155;GO:0042127;GO:0006355;GO:0042325;GO:0017015;GO:0001666;GO:0009410;GO:0048745;GO:0007179;GO:0097084;GO:0001570;GO:0048845;GO:0003222;GO:0042060
Q9Y2D4,Exocyst complex component 6B,Heart,GO:0000145;GO:0006887;GO:0006893;GO:0006886;GO:0090148;GO:0000281;GO:0006904;GO:0090522
P00451,Coagulation factor VIII,Heart,GO:0030134;GO:0005788;GO:0033116;GO:0005576;GO:0005615;GO:0005796;GO:0005886;GO:0031093;GO:0005507;GO:0016491;GO:0006953;GO:0007596;GO:0007597
Q6UWF9,Family with sequence similarity 180 member A,Heart,GO:0005576
P98095,Fibulin 2,Heart,GO:0062023;GO:0031012;GO:0005576;GO:1903561;GO:0005509;GO:0050840;GO:0030023;GO:0005201;GO:0010811
O76093,Fibroblast growth factor 18,Heart,GO:0005737;GO:0005576;GO:0005615;GO:0005730;GO:0008083;GO:0005105;GO:0005111;GO:0009653;GO:0001525;GO:0008283;GO:0007267;GO:0002063;GO:0001958;GO:0070371;GO:0008543;GO:0001957;GO:0030324;GO:0022008;GO:0045766;GO:0043536;GO:0008284;GO:0032332;GO:2000546;GO:0070374;GO:0043406;GO:0043410;GO:0030949;GO:0030334;GO:0007165;GO:0048010
Q9GZV9,Fibroblast growth factor 23,Heart,GO:0005737;GO:0005788;GO:0005576;GO:0005615;GO:0005796;GO:0008083;GO:0005105;GO:0055074;GO:0071354;GO:0044320;GO:0071374;GO:0071305;GO:0070371;GO:0008543;GO:0030643;GO:0030502;GO:0046888;GO:0045668;GO:0022008;GO:0055062;GO:0008284;GO:0045893;GO:0070374;GO:0043410;GO:0090080;GO:0010980;GO:0030334;GO:0010966;GO:0032026;GO:1904383;GO:0042369
Q2V2M9,Formin homology 2 domain containing 3,Heart,GO:0005737;GO:0005856;GO:0030018;GO:0051015;GO:0055003;GO:0030866;GO:0045214
Q7Z7B0,Filamin A interacting protein 1,Heart,GO:0015629;GO:0005829;GO:0098978;GO:0005730;GO:0005886;GO:0099010;GO:1903119
Q14315,Filamin C,Heart,GO:0043034;GO:0005737;GO:0005856;GO:0005829;GO:0005925;GO:0045171;GO:0005886;GO:0042383;GO:0016528;GO:0030018;GO:0051015;GO:0030506;GO:0008092;GO:0042802;GO:0045214
Q99958,Forkhead box C2,Heart,GO:0000785;GO:0016604;GO:0005654;GO:0005634;GO:0031490;GO:0001216;GO:0001228;GO:0000981;GO:0042802;GO:1990841;GO:0000978;GO:0000977;GO:0043565;GO:1990837;GO:0000976;GO:0009653;GO:0003275;GO:0048844;GO:0097746;GO:0001974;GO:0001569;GO:0043010;GO:0060038;GO:0030154;GO:0030199;GO:0035050;GO:0048703;GO:0072011;GO:0072144;GO:0007507;GO:0008286;GO:0001946;GO:0007498;GO:0001656;GO:1902257;GO:0120163;GO:0000122;GO:0014032;GO:0007219;GO:0001503;GO:0048343;GO:0072112;GO:0033630;GO:0090050;GO:0045893;GO:0010595;GO:0045944;GO:0035470;GO:0046620;GO:0006357;GO:0009725;GO:0001756;GO:0001657;GO:0048010;GO:0055010
A2A2Y4,FERM domain containing 3,Heart,GO:0005856;GO:0016020;GO:0008092;GO:0031032
Q7Z6J6,FERM domain containing 5,Heart,GO:0005912;GO:0005856;GO:0016020;GO:0008092;GO:0005178;GO:0019901;GO:0031032;GO:2000146;GO:0045785;GO:0030334
Q5TBA9,FRY microtubule binding protein,Heart,GO:0005938;GO:0005813;GO:0030427;GO:0000922;GO:0004857;GO:0000902;GO:1904428;GO:0031175
P18505,Gamma-aminobutyric acid type A receptor subunit beta1,Heart,GO:0034707;GO:0030425;GO:1902711;GO:0098982;GO:0043005;GO:0005635;GO:0005886;GO:0099634;GO:0048787;GO:0098685;GO:0045202;GO:1902495;GO:0150047;GO:0050811;GO:0004890;GO:0022851;GO:0015276;GO:0099507;GO:0030594;GO:1904315;GO:0071420;GO:0021954;GO:1902476;GO:0007214;GO:0006811;GO:0042698;GO:0032570;GO:0009636;GO:0007165
P78334,Gamma-aminobutyric acid type A receptor subunit epsilon,Heart,GO:0034707;GO:0032590;GO:1902711;GO:0043005;GO:0005886;GO:0098794;GO:0045211;GO:0045202;GO:1902495;GO:0004890;GO:0022851;GO:1902476;GO:0007214;GO:1904862;GO:2001226;GO:0060078;GO:0051932
O95257,Growth arrest and DNA damage inducible gamma,Heart,GO:0005737;GO:0005634;GO:0006915;GO:0030154;GO:0043065;GO:0120162;GO:0046330;GO:1900745;GO:0051726
Q8N428,Polypeptide N-acetylgalactosaminyltransferase 16,Heart,GO:0005794;GO:0000139;GO:0030246;GO:0046872;GO:0004653;GO:0006493;GO:0018242;GO:0018243
P43694,GATA binding protein 4,Heart,GO:0000785;GO:0016604;GO:0005654;GO:0005634;GO:0090575;GO:0070410;GO:0003677;GO:0001216;GO:0001228;GO:0000981;GO:0051525;GO:0019901;GO:0000978;GO:0000977;GO:0061629;GO:0043565;GO:1990837;GO:0000976;GO:0008270;GO:0003180;GO:0060413;GO:0003289;GO:0003290;GO:0036302;GO:0003162;GO:0003190;GO:0061026;GO:0003215;GO:0003208;GO:0045165;GO:0061049;GO:0007267;GO:0071333;GO:0048617;GO:0035054;GO:0003197;GO:0007492;GO:0001947;GO:0060575;GO:0008584;GO:2001234;GO:0010507;GO:0010667;GO:1902176;GO:0000122;GO:0045766;GO:0030513;GO:0045893;GO:0045944;GO:0010575;GO:0086004;GO:0006355;GO:0009612;GO:0033189;GO:0009410;GO:0060290;GO:0003281;GO:0042060
Q9Y6H8,Gap junction protein alpha 3,Heart,GO:0005922;GO:0005886;GO:0005243;GO:0055077;GO:0007267;GO:1990349;GO:0007601
P36382,Gap junction protein alpha 5,Heart,GO:0042995;GO:0005922;GO:0005921;GO:0014704;GO:0005886;GO:0071253;GO:0097718;GO:0086076;GO:0086077;GO:0086078;GO:0086075;GO:0086079;GO:0086020;GO:0055077;GO:0001525;GO:0048844;GO:0086044;GO:0003283;GO:0086053;GO:0086054;GO:0003161;GO:0010643;GO:0086064;GO:0007267;GO:0003158;GO:0016264;GO:0007507;GO:0003174;GO:0045776;GO:0003105;GO:0003151;GO:0010652;GO:0045907;GO:0006813;GO:0003193;GO:0086055;GO:0098910;GO:0060371;GO:0098904;GO:0098905;GO:0055117;GO:0010649;GO:0098906;GO:0060373;GO:0060307;GO:0086021;GO:0042311;GO:1990029;GO:0003281
P43220,Glucagon like peptide 1 receptor,Heart,GO:0016020;GO:0005886;GO:0004967;GO:0044508;GO:0017046;GO:0004888;GO:0007190;GO:0007189;GO:0007166;GO:0046879;GO:0007611;GO:0045776;GO:0045777;GO:0007204;GO:0031204;GO:0008016;GO:1990911
P17174,Glutamic-oxaloacetic transaminase 1,Heart,GO:0005737;GO:0005829;GO:0070062;GO:0005634;GO:0004069;GO:0047801;GO:0004609;GO:0030170;GO:0006103;GO:0006532;GO:0006533;GO:0006531;GO:0032869;GO:0055089;GO:0006094;GO:0019550;GO:0006536;GO:0006114;GO:0043490;GO:0007219;GO:0006107;GO:0051384
Q99680,G protein-coupled receptor 22,Heart,GO:0005886;GO:0004930;GO:0030030;GO:0032870;GO:0007186
P46089,G protein-coupled receptor 3,Heart,GO:0005737;GO:0005886;GO:0004930;GO:0007189;GO:0043950;GO:0120162;GO:0051480;GO:0040020;GO:0019222
P06396,Gelsolin,Heart,GO:0030478;GO:0015629;GO:0072562;GO:0030864;GO:0005737;GO:0005829;GO:0070062;GO:0005576;GO:0005615;GO:1904813;GO:0005925;GO:0030027;GO:0045335;GO:0005886;GO:0002102;GO:0016528;GO:0034774;GO:0003779;GO:0051015;GO:0005509;GO:0045159;GO:0036313;GO:0005546;GO:0051693;GO:0030042;GO:0007015;GO:0030041;GO:0051014;GO:0008154;GO:1990000;GO:0051016;GO:0086003;GO:0030031;GO:0071346;GO:0007417;GO:0060271;GO:0097284;GO:0046597;GO:0006911;GO:0051127;GO:2001056;GO:0010628;GO:1902174;GO:1903923;GO:0031648;GO:1903903;GO:1903906;GO:0071801;GO:1903909;GO:0055119;GO:0097017;GO:0035994;GO:0042989;GO:0014891
B0YJ81,3-hydroxyacyl-CoA dehydratase 1,Heart,GO:0005783;GO:0005789;GO:0016020;GO:0018812;GO:0019899;GO:0046848;GO:0102158;GO:0071529;GO:0030497;GO:0035338;GO:0010811;GO:0065003;GO:0030148;GO:0042761
P55084,Hydroxyacyl-CoA dehydrogenase trifunctional multienzyme complex subunit beta,Heart,GO:0005783;GO:0005740;GO:0016507;GO:0005743;GO:0042645;GO:0005741;GO:0005739;GO:0003857;GO:0003985;GO:0003988;GO:0050633;GO:0004300;GO:0106222;GO:0003723;GO:0071222;GO:0006635;GO:0010467
O96004,Heart and neural crest derivatives expressed 1,Heart,GO:0000785;GO:0005737;GO:0005730;GO:0005654;GO:0005634;GO:0090575;GO:0043425;GO:0001228;GO:0000981;GO:0001227;GO:0019899;GO:0042802;GO:0042803;GO:0000978;GO:0000977;GO:0061629;GO:0001221;GO:0001525;GO:0001824;GO:0003218;GO:0003219;GO:0060411;GO:0060536;GO:0035050;GO:0003144;GO:0007507;GO:0001947;GO:0060485;GO:0001707;GO:0043433;GO:0045892;GO:1903026;GO:0000122;GO:0042475;GO:0045944;GO:0006357;GO:0001829;GO:0060707;GO:0055010
Q9UBP5,Hes related family bHLH transcription factor with YRPW motif 2,Heart,GO:0000785;GO:0005737;GO:0005654;GO:0005634;GO:0017053;GO:0000987;GO:0003700;GO:0000981;GO:0001227;GO:0042826;GO:0042802;GO:0046983;GO:0000978;GO:0061629;GO:0043565;GO:1990837;GO:0009948;GO:0009952;GO:0003180;GO:0060842;GO:0035910;GO:0060413;GO:0003161;GO:0060317;GO:0003214;GO:0010659;GO:0060038;GO:0014898;GO:0003215;GO:0060411;GO:0060948;GO:0003208;GO:0045165;GO:0072359;GO:0090102;GO:0060977;GO:0035912;GO:0003199;GO:0003198;GO:0060347;GO:0060716;GO:0014031;GO:0003150;GO:0070168;GO:0010667;GO:2000723;GO:0045892;GO:0010629;GO:0045746;GO:0051151;GO:0000122;GO:0060633;GO:2000678;GO:0007219;GO:0003151;GO:0060045;GO:0010460;GO:0045944;GO:0065004;GO:0061156;GO:0003184;GO:0045607;GO:0050767;GO:0006357;GO:2001212;GO:0051145;GO:0003195;GO:0003186;GO:0036304;GO:0097084;GO:0001570;GO:0055015;GO:0060412;GO:0003222
P25021,Histamine receptor H2,Heart,GO:0030425;GO:0005886;GO:0045202;GO:0004969;GO:0030594;GO:0007268;GO:0007187;GO:0001696;GO:0006955;GO:0045907
P83110,HtrA serine peptidase 3,Heart,GO:0005576;GO:0004175;GO:0042802;GO:0004252;GO:0008236;GO:0030514;GO:0030512;GO:0006508
Q2T9L4,Inhibitory synaptic factor 1,Heart,GO:0098982;GO:0014069;GO:0060080;GO:0099084
P78413,Iroquois homeobox 4,Heart,GO:0000785;GO:0005634;GO:0000981;GO:0000978;GO:0048468;GO:0048561;GO:0007507;GO:0000122;GO:0030182;GO:0006357
P78412,Iroquois homeobox 6,Heart,GO:0000785;GO:0005634;GO:0001228;GO:0000981;GO:0000978;GO:0048468;GO:0030182;GO:0045893;GO:0006357
Q9UKP3,Integrin subunit beta 1 binding protein 2,Heart,GO:0030018;GO:0005509;GO:0005178;GO:0017124;GO:0008270;GO:0051298;GO:0007517;GO:0007165
Q9BR39,Junctophilin 2,Heart,GO:0005789;GO:0030314;GO:0014701;GO:0005634;GO:0005886;GO:0016529;GO:0030018;GO:0003677;GO:0001227;GO:0070300;GO:0005547;GO:0080025;GO:0032266;GO:0005546;GO:0070273;GO:0010314;GO:0001786;GO:0055074;GO:0060402;GO:0060316;GO:0055024;GO:0060314
Q9NS61,Potassium voltage-gated channel interacting protein 2,Heart,GO:0005737;GO:0030425;GO:0071193;GO:0005886;GO:0045202;GO:0008076;GO:0005509;GO:0046923;GO:0042802;GO:0005267;GO:0015459;GO:0044877;GO:0044325;GO:0001508;GO:0007268;GO:0045163;GO:0005513;GO:0086009;GO:0086013;GO:0006936;GO:1903766;GO:0006813;GO:0008016;GO:0060306;GO:1903764;GO:1901379;GO:0009966;GO:0007165
Q15842,Potassium inwardly rectifying channel subfamily J member 8,Heart,GO:0098978;GO:0008282;GO:0030016;GO:0005886;GO:0031004;GO:0048787;GO:0042383;GO:0008076;GO:0005524;GO:0015272;GO:0019829;GO:0005242;GO:0017098;GO:0099508;GO:1902282;GO:0002250;GO:0006915;GO:0060922;GO:0070588;GO:0061762;GO:0060976;GO:0051607;GO:0008340;GO:0030010;GO:0045444;GO:0015908;GO:0048144;GO:0010467;GO:0061535;GO:0003007;GO:0098662;GO:0001822;GO:0098915;GO:0001774;GO:0050905;GO:0044546;GO:0038066;GO:1990573;GO:0071805;GO:0006813;GO:0009306;GO:0150103;GO:0008217;GO:0002027;GO:0034765;GO:0033198;GO:0034097;GO:0034976;GO:0043330;GO:0001666;GO:0032868;GO:0002931;GO:0032496;GO:1904638;GO:0009410;GO:0051124;GO:0019226;GO:0150104;GO:0042311;GO:0003229
Q9H511,Kelch like family member 31,Heart,GO:0005737;GO:0005634;GO:0046329;GO:0001933
Q2WGJ6,Kelch like family member 38,Heart,GO:0031463;GO:0005737;GO:1990756;GO:0043161
Q8IXQ5,Kelch like family member 7,Heart,GO:0031463;GO:0005737;GO:0005829;GO:0005730;GO:0005654;GO:0048471;GO:0005886;GO:0042802;GO:0042803;GO:1990756;GO:0043161;GO:0016567
A5PL33,KRAB-A domain containing 1,Heart,
P07195,Lactate dehydrogenase B,Heart,GO:0005737;GO:0005829;GO:0070062;GO:0016020;GO:0045121;GO:0005743;GO:0005739;GO:1990204;GO:0042802;GO:0019900;GO:0004459;GO:0051287;GO:0006089;GO:0019674;GO:0006090
Q86WU2,Lactate dehydrogenase D,Heart,GO:0005743;GO:0005739;GO:0004458;GO:0008720;GO:0071949;GO:0050660;GO:1903457
Q8WWI1,LIM domain 7,Heart,GO:0016324;GO:0009986;GO:0005737;GO:0005829;GO:0005925;GO:0005739;GO:0005635;GO:0005634;GO:0000151;GO:0046872;GO:0004842;GO:0045944;GO:0016567;GO:0030155;GO:0023051
Q0VAK6,Leiomodin 3,Heart,GO:0005737;GO:0005856;GO:0031430;GO:0030016;GO:0005865;GO:0003785;GO:0005523;GO:0007015;GO:0045010;GO:0006936;GO:0030239;GO:0051694;GO:0048743;GO:0048741;GO:0030240;GO:0006941
P06858,Lipoprotein lipase,Heart,GO:1902494;GO:0009986;GO:0042627;GO:0005576;GO:0005615;GO:0005886;GO:0034361;GO:0034185;GO:0005509;GO:0043395;GO:0008201;GO:0004465;GO:0071813;GO:0052739;GO:0008970;GO:0004620;GO:0042803;GO:0043495;GO:0005102;GO:0004806;GO:0071398;GO:0031670;GO:0042632;GO:0034371;GO:0006633;GO:0006631;GO:0034375;GO:0055096;GO:0006644;GO:1904179;GO:2000343;GO:0032722;GO:0010886;GO:0045600;GO:0050729;GO:0032731;GO:0032755;GO:0010884;GO:0010744;GO:0010890;GO:0032760;GO:0009617;GO:0009749;GO:0019433;GO:0070328;GO:0006641;GO:0034372
Q96DD0,Leucine rich repeat containing 39,Heart,GO:0031430;GO:0035556
Q8IUZ0,Leucine rich repeat containing 49,Heart,GO:0034451;GO:0005737;GO:0005874
Q8N112,Leucine rich single-pass membrane protein 2,Heart,GO:0016020
P0DP58,Ly6/neurotoxin 1,Heart,GO:0030425;GO:0005783;GO:0005886;GO:0098552;GO:0045202;GO:0033130;GO:0030548;GO:0095500;GO:0099601
P48740,MBL associated serine protease 1,Heart,GO:0005829;GO:0005576;GO:0005615;GO:0005654;GO:0005509;GO:0048306;GO:0042802;GO:0008233;GO:0042803;GO:0004252;GO:0001867;GO:0045916;GO:0031638
Q9BUT9,MAPK regulated corepressor interacting protein 2,Heart,GO:0005737;GO:0010494;GO:0005634
P40925,Malate dehydrogenase 1,Heart,GO:0005813;GO:0005737;GO:0005829;GO:0070062;GO:0005615;GO:0047860;GO:0047995;GO:0030060;GO:0004470;GO:0006108;GO:0043490;GO:0006734;GO:0006739;GO:0006107;GO:0006099
P50221,Mesenchyme homeobox 1,Heart,GO:0000785;GO:0005737;GO:0005634;GO:0003682;GO:0001228;GO:0003700;GO:0000981;GO:0071837;GO:0000978;GO:0043565;GO:1990837;GO:0060218;GO:0006357;GO:0061056;GO:0061053;GO:0001757
Q6UX53,Methyltransferase like 7B,Heart,GO:0005829;GO:0005789;GO:0005811;GO:0008757;GO:0018708;GO:0032259
O95140,Mitofusin 2,Heart,GO:0005829;GO:0015630;GO:0005741;GO:0005739;GO:0005525;GO:0003924;GO:1990606;GO:0031625;GO:0009060;GO:0006915;GO:0001825;GO:0048593;GO:0008053;GO:0007006;GO:0051646;GO:0046580;GO:0048662;GO:0120162;GO:1905461;GO:1904707;GO:0034497;GO:0006626;GO:0006986;GO:0061734
Q9Y5U8,Mitochondrial pyruvate carrier 1,Heart,GO:0098800;GO:0005743;GO:0005739;GO:0050833;GO:0006850
O14807,Muscle RAS oncogene homolog,Heart,GO:0005886;GO:0000164;GO:0003925;GO:0019003;GO:0005525;GO:0030742;GO:0003924;GO:0030036;GO:1990830;GO:0007265
Q8IXM3,Mitochondrial ribosomal protein L41,Heart,GO:0005743;GO:0005762;GO:0005739;GO:1990904;GO:0003723;GO:0003735;GO:0006915;GO:0032543;GO:0006412
P00846,Mitochondrially encoded ATP synthase membrane subunit 6,Heart,GO:0005743;GO:0005739;GO:0045259;GO:0045263;GO:0015078;GO:0015986;GO:0042776;GO:0055093
P03928,Mitochondrially encoded ATP synthase membrane subunit 8,Heart,GO:0005743;GO:0005739;GO:0045259;GO:0045263;GO:0015078;GO:0015986;GO:0042776
P00395,Mitochondrially encoded cytochrome c oxidase I,Heart,GO:0005743;GO:0031966;GO:0005739;GO:0045277;GO:0004129;GO:0020037;GO:0046872;GO:0009060;GO:0045333;GO:0021549;GO:0006123;GO:0022904;GO:0046688;GO:0051602;GO:0001666;GO:0006979
P00403,Mitochondrially encoded cytochrome c oxidase II,Heart,GO:0016020;GO:0005743;GO:0005759;GO:0031966;GO:0005739;GO:0045277;GO:0005507;GO:0004129;GO:0042773;GO:0045333;GO:0007595;GO:0006123;GO:0001666
P00414,Mitochondrially encoded cytochrome c oxidase III,Heart,GO:0005743;GO:0031966;GO:0005739;GO:0045277;GO:0004129;GO:0045333;GO:0006123;GO:0008535
P00156,Mitochondrially encoded cytochrome b,Heart,GO:0016020;GO:0005743;GO:0005739;GO:0045275;GO:0046872;GO:0044877;GO:0008121;GO:0031100;GO:0045333;GO:0015990;GO:0006122;GO:0046686;GO:0051592;GO:0033590;GO:0046688;GO:0045471;GO:0033762;GO:0055093;GO:0001666;GO:0046689;GO:0009636;GO:0009410
P03886,Mitochondrially encoded NADH:ubiquinone oxidoreductase core subunit 1,Heart,GO:0030425;GO:0005743;GO:0031966;GO:0005739;GO:0043025;GO:0045271;GO:0008137;GO:0009060;GO:0006120;GO:0032981;GO:0042776;GO:0033194;GO:0001666;GO:0014070;GO:0009410
P03891,Mitochondrially encoded NADH:ubiquinone oxidoreductase core subunit 2,Heart,GO:0005743;GO:0005739;GO:0045271;GO:0035255;GO:0008137;GO:0019901;GO:0009060;GO:0006120;GO:0032981;GO:0042776;GO:0072593;GO:0001666
P03897,Mitochondrially encoded NADH:ubiquinone oxidoreductase core subunit 3,Heart,GO:0005743;GO:0005739;GO:0045271;GO:0008137;GO:0009060;GO:0071385;GO:0006120;GO:0042776;GO:0009642;GO:0006979
P03905,Mitochondrially encoded NADH:ubiquinone oxidoreductase core subunit 4,Heart,GO:0005743;GO:0005739;GO:0045271;GO:0008137;GO:0048039;GO:0009060;GO:0021549;GO:0015990;GO:0001701;GO:0006120;GO:0032981;GO:0042776;GO:0045471;GO:0001666;GO:0035094
P03901,Mitochondrially encoded NADH:ubiquinone oxidoreductase core subunit 4L,Heart,GO:0005743;GO:0005739;GO:0045271;GO:0008137;GO:0009060;GO:0006120;GO:0042776
P03915,Mitochondrially encoded NADH:ubiquinone oxidoreductase core subunit 5,Heart,GO:0005743;GO:0005739;GO:0045271;GO:0008137;GO:0009060;GO:0015990;GO:0006120;GO:0032981;GO:0042776;GO:0042542;GO:0001666
P03923,Mitochondrially encoded NADH:ubiquinone oxidoreductase core subunit 6,Heart,GO:0005743;GO:0005739;GO:0045271;GO:0008137;GO:0009060;GO:0006120;GO:0032981;GO:0042776;GO:0042220;GO:0042542;GO:0035094
P08590,Myosin light chain 3,Heart,GO:0031672;GO:0005829;GO:0031674;GO:0005859;GO:0016460;GO:0030017;GO:0003785;GO:0005509;GO:0032038;GO:0008307;GO:0060048;GO:0032781;GO:0006942;GO:0002026;GO:0055010
Q8IUG5,Myosin XVIIIB,Heart,GO:0005737;GO:0031941;GO:0032982;GO:0016460;GO:0005634;GO:0016461;GO:0030018;GO:0051015;GO:0005524;GO:0003774;GO:0031032;GO:0055013;GO:0001701;GO:0001570
Q9NPC6,Myozenin 2,Heart,GO:0015629;GO:0030017;GO:0030018;GO:0003779;GO:0051373;GO:0030346;GO:0031433;GO:0070885;GO:0000122;GO:0045214;GO:0043503;GO:0007519
Q86TC9,Myopalladin,Heart,GO:0030424;GO:0005829;GO:0031674;GO:0043231;GO:0005654;GO:0005634;GO:0005886;GO:0030018;GO:0003779;GO:0098632;GO:0008092;GO:0051371;GO:0017124;GO:0007411;GO:0070593;GO:0007156;GO:0045214
Q6P582,Mitotic spindle organizing protein 2A,Heart,GO:0005813;GO:0005829;GO:0000931;GO:0005654;GO:0005819
Q8IVL1,Neuron navigator 2,Heart,GO:0005614;GO:0005654;GO:0043138;GO:0005524;GO:0016887;GO:0140849;GO:0140665;GO:0140584;GO:0061775;GO:0003689;GO:0036121;GO:0061749;GO:0009378;GO:0008201;GO:1990518;GO:0021563;GO:0007626;GO:0022008;GO:0021554;GO:0003025;GO:0007608;GO:0007605;GO:0021564
P13591,Neural cell adhesion molecule 1,Heart,GO:0009986;GO:0062023;GO:0005829;GO:0009897;GO:0005576;GO:0000139;GO:0016020;GO:0005886;GO:0001618;GO:0007155;GO:0071679;GO:0001837;GO:2001260
Q9ULP0,NDRG family member 4,Heart,GO:0016323;GO:0031253;GO:0005737;GO:0005829;GO:0005789;GO:0005886;GO:0060038;GO:0030154;GO:0060973;GO:0035050;GO:0001947;GO:0010642;GO:0014912;GO:0048662;GO:0070374;GO:0010976;GO:2001135;GO:0007165;GO:0048278;GO:0008542
O95167,NADH:ubiquinone oxidoreductase subunit A3,Heart,GO:0005743;GO:0005739;GO:0045271;GO:0008137;GO:0009060;GO:0006120;GO:0032981;GO:0042776
P51970,NADH:ubiquinone oxidoreductase subunit A8,Heart,GO:0005743;GO:0005758;GO:0005739;GO:0045271;GO:0008137;GO:0044877;GO:0009060;GO:0006120;GO:0032981;GO:0042776
O14561,NADH:ubiquinone oxidoreductase subunit AB1,Heart,GO:1990229;GO:0099128;GO:0005743;GO:0005759;GO:0031966;GO:0005739;GO:0005654;GO:0045271;GO:0000035;GO:0000036;GO:0005509;GO:0005504;GO:0140978;GO:0044571;GO:0009060;GO:0006633;GO:0016226;GO:0006120;GO:0032981;GO:0009249;GO:0042776
P28331,NADH:ubiquinone oxidoreductase core subunit S1,Heart,GO:0005743;GO:0005758;GO:0005759;GO:0005739;GO:0045271;GO:0051537;GO:0051539;GO:0009055;GO:0046872;GO:0008137;GO:0009060;GO:0045333;GO:0006120;GO:0032981;GO:0042776
Q8TDX7,NIMA related kinase 7,Heart,GO:0005813;GO:0005737;GO:0005874;GO:0005815;GO:0005654;GO:0005634;GO:0000922;GO:0004676;GO:0004679;GO:0005524;GO:0004677;GO:0004694;GO:0044024;GO:0072371;GO:1990244;GO:0035979;GO:0044025;GO:0140823;GO:0035175;GO:0044022;GO:0140855;GO:0035402;GO:0072354;GO:0140857;GO:0035403;GO:0044023;GO:0046872;GO:0140677;GO:0106310;GO:0004674;GO:0072518;GO:0004711;GO:0035865;GO:1900227;GO:0032206;GO:0032212;GO:0006468;GO:0007346;GO:0051225
P48681,Nestin,Heart,GO:0005737;GO:0005882;GO:0045111;GO:0031730;GO:0019215;GO:0007420;GO:0048858;GO:0007417;GO:0031076;GO:0000086;GO:0043086;GO:0043524;GO:0032091;GO:0051402;GO:0030844;GO:2000179;GO:0072089
P01138,Nerve growth factor,Heart,GO:0030424;GO:0005829;GO:0030425;GO:0031904;GO:0005576;GO:0005615;GO:0005796;GO:0008021;GO:0008083;GO:0008289;GO:0008191;GO:0005163;GO:0007169;GO:0008625;GO:0050804;GO:0008285;GO:0043524;GO:0021675;GO:0038180;GO:0048812;GO:0043388;GO:0010628;GO:0045666;GO:0046579
Q9BZQ8,Niban apoptosis regulator 1,Heart,GO:0005737;GO:0005829;GO:0070062;GO:0016020;GO:0005886;GO:0001933;GO:0001934;GO:0045727;GO:0034976
Q99748,Neurturin,Heart,GO:0030424;GO:0005576;GO:0005615;GO:0030116;GO:0008083;GO:1904399;GO:0030971;GO:0005102;GO:0007169;GO:0035860;GO:0000165;GO:0021675;GO:0007399;GO:0001755;GO:0031175
Q5VVY1,N-terminal Xaa-Pro-Lys N-methyltransferase 2,Heart,GO:0005737;GO:0005634;GO:0071885;GO:0006480
O95631,Netrin 1,Heart,GO:0015629;GO:0005604;GO:0005829;GO:0005576;GO:0098978;GO:0005654;GO:0000981;GO:0000978;GO:0033564;GO:0006915;GO:0032488;GO:0098609;GO:0061643;GO:0014009;GO:0042472;GO:0060603;GO:0097475;GO:0030517;GO:0007097;GO:0045773;GO:2000147;GO:0060252;GO:0007265;GO:1903975;GO:0051963;GO:0006357;GO:0006930
Q8WV74,Nudix hydrolase 8,Heart,GO:0005739;GO:0010945;GO:0000287;GO:0030145;GO:0046356;GO:0044580;GO:0015938;GO:2001294;GO:0036114;GO:1902859;GO:1901289
Q02218,Oxoglutarate dehydrogenase,Heart,GO:0005759;GO:0031966;GO:0005739;GO:0005634;GO:0045252;GO:0046872;GO:0034602;GO:0004591;GO:0030976;GO:0006103;GO:0021695;GO:0006091;GO:0006096;GO:0021766;GO:0061034;GO:0021860;GO:0021756;GO:0006104;GO:0022028;GO:0021794;GO:0006099
P55809,3-oxoacid CoA-transferase 1,Heart,GO:0005759;GO:0005739;GO:0008260;GO:0046950;GO:0046952;GO:0042182
P56373,Purinergic receptor P2X 3,Heart,GO:0030424;GO:0098686;GO:0005886;GO:0098794;GO:0043235;GO:0098685;GO:0005524;GO:0004931;GO:0046872;GO:0001614;GO:0048266;GO:0070588;GO:0071318;GO:0051649;GO:0098662;GO:0007274;GO:0030432;GO:0010524;GO:0050850;GO:0070207;GO:0048167;GO:0009743;GO:0009409;GO:0009408;GO:0001666;GO:0009612;GO:0050909;GO:0007165;GO:0014832
P19021,Peptidylglycine alpha-amidating monooxygenase,Heart,GO:0070062;GO:0005576;GO:0016020;GO:0030667;GO:0030658;GO:0005509;GO:0005507;GO:0031418;GO:0004598;GO:0004504;GO:0008270;GO:0062112;GO:0001519;GO:0010043
Q9UKZ9,Procollagen C-endopeptidase enhancer 2,Heart,GO:0005576;GO:0005518;GO:0008201;GO:0016504;GO:1990830
Q15116,Programmed cell death 1,Heart,GO:0009897;GO:0005886;GO:0038023;GO:0002250;GO:0006915;GO:0001783;GO:0006959;GO:0002903;GO:0050777;GO:0050868;GO:0002841;GO:0002644;GO:0070234;GO:0050776;GO:1902482
Q14123,Phosphodiesterase 1C,Heart,GO:0005829;GO:0005764;GO:0043025;GO:0004115;GO:0047555;GO:0005516;GO:0048101;GO:0004117;GO:0046872;GO:0019933
Q14432,Phosphodiesterase 3A,Heart,GO:0005829;GO:0016020;GO:0004119;GO:0004118;GO:0004115;GO:0047555;GO:0004114;GO:0099130;GO:0046872;GO:0030284;GO:0097190;GO:0019933;GO:0071321;GO:0071560;GO:0019934;GO:0007186;GO:0006629;GO:0106072;GO:0043066;GO:0043951;GO:0043116;GO:0001556;GO:0060282;GO:0043117;GO:0040020;GO:0060700;GO:0009410
P08559,Pyruvate dehydrogenase E1 subunit alpha 1,Heart,GO:0005759;GO:0005739;GO:0005730;GO:0005634;GO:0045254;GO:0046872;GO:0004739;GO:0034604;GO:0006086;GO:0006006;GO:0006099
O15018,PDZ domain containing 2,Heart,GO:0005911;GO:0034451;GO:0005737;GO:0005829;GO:0005783;GO:0005576;GO:0043231;GO:0005634;GO:0005886;GO:0007155
Q6UXB8,Peptidase inhibitor 16,Heart,GO:0005615;GO:0030414;GO:0061052
Q7Z442,Polycystin 1 like 2 (gene/pseudogene),Heart,GO:0016020;GO:0005262;GO:0005509;GO:0030246;GO:0050982
Q99959,Plakophilin 2,Heart,GO:0005912;GO:0030054;GO:0051286;GO:0005911;GO:0001533;GO:0005737;GO:0030057;GO:0014704;GO:0005882;GO:0016020;GO:0005654;GO:0005634;GO:0005886;GO:0045294;GO:0045296;GO:0086083;GO:0003677;GO:0019215;GO:0060090;GO:0005080;GO:0017080;GO:0044325;GO:0086073;GO:0086002;GO:0086064;GO:0098609;GO:0007267;GO:0002159;GO:0002934;GO:0007507;GO:0045110;GO:0048496;GO:0099017;GO:0010765;GO:0072659;GO:0010810;GO:0086091;GO:1900024;GO:0098911;GO:0086005;GO:0055010
P39877,Phospholipase A2 group V,Heart,GO:0032009;GO:0005576;GO:0005794;GO:0032010;GO:0005886;GO:0055037;GO:0005509;GO:0047498;GO:0047499;GO:0005543;GO:0050482;GO:0035965;GO:0006631;GO:0019370;GO:0034374;GO:0042130;GO:0090385;GO:0034638;GO:0046470;GO:0046471;GO:0006644;GO:1905036;GO:0070374;GO:0090265;GO:0010744;GO:1903028;GO:0050766;GO:1905164;GO:0010518
Q9HBV1,Popeye domain containing 3,Heart,GO:0016020;GO:0042383;GO:0030552;GO:0007507;GO:0042391;GO:0007519;GO:0051146
Q8N3J5,"Protein phosphatase, Mg2+/Mn2+ dependent 1K",Heart,GO:0005759;GO:0005739;GO:0047385;GO:0033192;GO:0140791;GO:0030145;GO:1990439;GO:0017018;GO:0004722;GO:0180006;GO:0180007;GO:0180008;GO:0180005;GO:0180004;GO:0009083;GO:1902531;GO:1902108
O60237,Protein phosphatase 1 regulatory subunit 12B,Heart,GO:0031672;GO:0005737;GO:0005829;GO:0005654;GO:0001725;GO:0030018;GO:0008047;GO:0004857;GO:0017020;GO:0019901;GO:0048812;GO:0006937;GO:0007165
Q8WUF5,Protein phosphatase 1 regulatory subunit 13 like,Heart,GO:0030054;GO:0005829;GO:0045171;GO:0005654;GO:0005634;GO:0045296;GO:0042802;GO:0003714;GO:0006915;GO:0060048;GO:0003215;GO:0031076;GO:0042633;GO:0035264;GO:0048871;GO:0050728;GO:0000122;GO:0045597;GO:0009791;GO:0006357;GO:0003229
Q8TAE6,Protein phosphatase 1 regulatory inhibitor subunit 14C,Heart,GO:0005737;GO:0016020;GO:0004865
B7ZBB8,Protein phosphatase 1 regulatory subunit 3G,Heart,GO:0000164;GO:2001069;GO:0008157;GO:0042593;GO:0005978;GO:0045725;GO:0005979
P54646,Protein kinase AMP-activated catalytic subunit alpha 2,Heart,GO:0030424;GO:0005737;GO:0010494;GO:0005829;GO:0030425;GO:0005794;GO:0043025;GO:0016607;GO:0005654;GO:0031588;GO:0005634;GO:0004676;GO:0047322;GO:0004679;GO:0005524;GO:0003682;GO:0004677;GO:0004694;GO:0044024;GO:0072371;GO:1990244;GO:0035979;GO:0044025;GO:0140823;GO:0035175;GO:0044022;GO:0140855;GO:0035402;GO:0072354;GO:0140857;GO:0035403;GO:0044023;GO:0046872;GO:0004672;GO:0106310;GO:0004674;GO:0004712;GO:0072518;GO:0004711;GO:0006914;GO:0071277;GO:0042149;GO:0071333;GO:0031669;GO:0034599;GO:0071380;GO:0071466;GO:0006695;GO:0097009;GO:0006633;GO:0055089;GO:0042593;GO:0008610;GO:1905691;GO:0043066;GO:0010629;GO:1903944;GO:0032007;GO:1904262;GO:1904428;GO:0010508;GO:0045821;GO:0016239;GO:2000758;GO:1903829;GO:1990044;GO:0006468;GO:0042752;GO:0016241;GO:0070507;GO:0062028;GO:0014850;GO:0048511;GO:0007165;GO:0016055
Q9UGJ0,Protein kinase AMP-activated non-catalytic subunit gamma 2,Heart,GO:0005737;GO:0005829;GO:0005615;GO:0005654;GO:0031588;GO:0005634;GO:0043531;GO:0016208;GO:0004679;GO:0005524;GO:0004862;GO:0008603;GO:0008607;GO:0030295;GO:0019901;GO:0019887;GO:0006754;GO:0042149;GO:0031669;GO:0006633;GO:0005977;GO:0035556;GO:0006469;GO:0045722;GO:0010800;GO:0045860;GO:0043609;GO:0046324;GO:0019217;GO:0046320;GO:0006110;GO:0016126
E7EW31,Proline rich basic protein 1,Heart,GO:0005654
P41222,Prostaglandin D2 synthase,Heart,GO:0005789;GO:0070062;GO:0005576;GO:0005615;GO:0005794;GO:0031965;GO:0048471;GO:0005791;GO:0005504;GO:0004667;GO:0005501;GO:0019371;GO:0010467;GO:0043303;GO:2000255;GO:0001516;GO:0045187;GO:0051384
Q96P65,Pyroglutamylated RFamide peptide receptor,Heart,GO:0016020;GO:0005886;GO:0004930;GO:0004983;GO:0032870;GO:0007186
Q14088,"RAB33A, member RAS oncogene family",Heart,GO:0005768;GO:0005794;GO:0000139;GO:0005886;GO:0005525;GO:0003924;GO:0019882;GO:0000045;GO:0032482
Q9NP90,"RAB9B, member RAS oncogene family",Heart,GO:0005829;GO:0005770;GO:0005764;GO:0045335;GO:0030670;GO:0005886;GO:0030667;GO:0019003;GO:0005525;GO:0003924;GO:0042802;GO:0015031;GO:0032482;GO:0042147
B7ZAP0,RAB GTPase activating protein 1 like,Heart,
Q5T481,RNA binding motif protein 20,Heart,GO:0036464;GO:0005634;GO:0003729;GO:0097157;GO:0003723;GO:1990935;GO:0008270;GO:0060914;GO:0048025;GO:0033120;GO:0000381;GO:0048024;GO:0043484;GO:0160091
Q6ZRY4,"RNA binding protein, mRNA processing factor 2",Heart,GO:0005737;GO:0010494;GO:0005829;GO:0005634;GO:0042802;GO:0003729;GO:0042803;GO:0048557;GO:0030514;GO:0051151;GO:0048661;GO:0000381
Q14206,Regulator of calcineurin 2,Heart,GO:0005737;GO:0005634;GO:0008597;GO:0003676;GO:0019722
Q9H6L5,Reticulophagy regulator 1,Heart,GO:0005801;GO:0005783;GO:0005789;GO:0016604;GO:0005730;GO:0140506;GO:0030574;GO:0007029;GO:0000423;GO:0043524;GO:0061709;GO:0019233;GO:0050872
P49758,Regulator of G protein signaling 6,Heart,GO:0005737;GO:0005829;GO:0016020;GO:0043005;GO:0005634;GO:0005886;GO:0005096;GO:0003924;GO:0007186;GO:0035556;GO:0009968;GO:0043547;GO:0008277
P58872,Rhomboid like 3,Heart,GO:0016020;GO:0005509;GO:0004252;GO:0006508
Q96NA2,Rab interacting lysosomal protein,Heart,GO:0036064;GO:0005737;GO:0005770;GO:0031902;GO:0005765;GO:0005764;GO:0030670;GO:0032991;GO:0051959;GO:0046983;GO:0031267;GO:0060271;GO:0045022;GO:0008333;GO:0032509;GO:0070676;GO:0042177;GO:0045732;GO:0015031
Q5EBL4,Rab interacting lysosomal protein like 1,Heart,GO:0005814;GO:0005813;GO:0036064;GO:0005929;GO:0005737;GO:0005829;GO:0005654;GO:0005886;GO:0051959;GO:0046983;GO:0031267;GO:0060271;GO:0003382;GO:0007263;GO:1903445
Q6ZRF8,Ring finger protein 207,Heart,GO:0048471;GO:0030544;GO:0051087;GO:0044325;GO:0008270;GO:0010628;GO:1905033;GO:1905026;GO:0055117;GO:1901207
P23297,S100 calcium binding protein A1,Heart,GO:0005737;GO:0005829;GO:0005576;GO:0005794;GO:0005739;GO:0005654;GO:0005634;GO:0032991;GO:0016529;GO:0051117;GO:0005509;GO:0048306;GO:0042802;GO:0042803;GO:0044548;GO:0035556;GO:0051000;GO:1903672;GO:0008016;GO:0021762
P0C264,SH3 domain binding kinase family member 3,Heart,GO:0004676;GO:0004679;GO:0005524;GO:0004677;GO:0004694;GO:0044024;GO:0072371;GO:1990244;GO:0035979;GO:0044025;GO:0140823;GO:0035175;GO:0044022;GO:0140855;GO:0035402;GO:0072354;GO:0140857;GO:0035403;GO:0044023;GO:0106310;GO:0004674;GO:0072518;GO:0004711
Q6ZMJ2,Scavenger receptor class A member 5,Heart,GO:0009986;GO:0005886;GO:0070287;GO:0034605;GO:0006897;GO:0006879;GO:0034755;GO:0070207
O60939,Sodium voltage-gated channel beta subunit 2,Heart,GO:0043194;GO:0033268;GO:0005886;GO:0045202;GO:0030315;GO:0001518;GO:0017080;GO:1902282;GO:0086006;GO:0061337;GO:0086002;GO:0060048;GO:0007268;GO:0010467;GO:0086010;GO:0086012;GO:0007399;GO:0010765;GO:0060371;GO:0086091;GO:0009408;GO:0046684
P31040,Succinate dehydrogenase complex flavoprotein subunit A,Heart,GO:0005743;GO:0005759;GO:0005739;GO:0005730;GO:0045273;GO:0009055;GO:0050660;GO:0008177;GO:0006121;GO:0007399;GO:0042776;GO:0022904;GO:0006105;GO:0006099
Q92629,Sarcoglycan delta,Heart,GO:0005856;GO:0016010;GO:0005886;GO:0016012;GO:0042383;GO:0016529;GO:0055074;GO:0019722;GO:0086003;GO:0055013;GO:0048738;GO:0060977;GO:0060047;GO:0007517;GO:0031503
Q2NKQ1,Small G protein signaling modulator 1,Heart,GO:0005737;GO:0030659;GO:0005829;GO:0005794;GO:0005096;GO:0031267
Q8TEC5,SH3 domain containing ring finger 2,Heart,GO:0005654;GO:0005634;GO:0046872;GO:0019902;GO:0008157;GO:0004864;GO:0061630;GO:0043066;GO:0046329;GO:0031397;GO:0030335;GO:0046330;GO:0032436;GO:0051865;GO:0016567
A0PJX4,Shisa family member 3,Heart,GO:0005789;GO:0090090
Q9Y666,Solute carrier family 12 member 7,Heart,GO:0005886;GO:0032991;GO:0045202;GO:0015379;GO:0019901;GO:0006884;GO:0071333;GO:0007268;GO:0055064;GO:1902476;GO:0006811;GO:0055075;GO:1990573;GO:0071805
O60669,Solute carrier family 16 member 7,Heart,GO:0016323;GO:0005829;GO:0098978;GO:0098686;GO:0005654;GO:0098688;GO:0005886;GO:0098839;GO:0098685;GO:0042802;GO:0015129;GO:0005477;GO:0050833;GO:0015293;GO:0035873;GO:0035879;GO:1901475;GO:0150104
Q5SVS4,Solute carrier family 25 member 30,Heart,GO:0005743;GO:0005739;GO:0005452;GO:0022857;GO:0015698
Q9Y2P4,Solute carrier family 27 member 6,Heart,GO:0005789;GO:0005886;GO:0042383;GO:0047676;GO:0015245;GO:0005324;GO:0004467;GO:0000166;GO:1901480;GO:0031957;GO:0044539;GO:0001676;GO:0015909;GO:0000038
P14672,Solute carrier family 2 member 4,Heart,GO:0005905;GO:0030136;GO:0030659;GO:0005829;GO:0012505;GO:0009897;GO:0070062;GO:0032593;GO:0016020;GO:0045121;GO:0005771;GO:0048471;GO:0005886;GO:0098793;GO:0042383;GO:0016529;GO:0030315;GO:0005802;GO:0030140;GO:0012506;GO:0055056;GO:0015304;GO:0010021;GO:0050873;GO:0005975;GO:0071456;GO:0032869;GO:0071470;GO:0071356;GO:0046323;GO:1904659;GO:0070837;GO:0042593;GO:0044381;GO:0007611;GO:0007616;GO:0031550;GO:0098694;GO:0045471;GO:0007614;GO:0150104;GO:0070343
Q8IVJ1,Solute carrier family 41 member 1,Heart,GO:0016323;GO:0005886;GO:0032991;GO:0022890;GO:0015095;GO:0061768;GO:0022857;GO:0071286;GO:0010961;GO:1903830;GO:0015693;GO:0030001
P48751,Solute carrier family 4 member 3,Heart,GO:0009897;GO:0016020;GO:0005886;GO:0015106;GO:0140900;GO:0005452;GO:0022857;GO:0015701;GO:0061337;GO:0086001;GO:0045851;GO:0098901;GO:0051453;GO:0055085;GO:0150104
Q15599,SLC9A3 regulator 2,Heart,GO:0016324;GO:0012505;GO:0070062;GO:0005925;GO:0005634;GO:0005886;GO:0008013;GO:0045296;GO:0042802;GO:0019902;GO:0043495;GO:0005102;GO:0031799;GO:0031800;GO:0072659;GO:0065003
O43541,SMAD family member 6,Heart,GO:0000785;GO:0005737;GO:0005829;GO:0005794;GO:0071144;GO:0016604;GO:0005654;GO:0005634;GO:0032991;GO:0003682;GO:0070410;GO:0070411;GO:0042802;GO:0046872;GO:0140311;GO:0070412;GO:0000976;GO:0140416;GO:0070698;GO:0034713;GO:0031625;GO:0009653;GO:0035904;GO:0003180;GO:0030509;GO:0030154;GO:0031589;GO:0060976;GO:0045444;GO:0006955;GO:0003183;GO:0032926;GO:0043066;GO:0030514;GO:0008285;GO:0030279;GO:0045668;GO:0060392;GO:0030512;GO:0003148;GO:1902895;GO:0003184;GO:0006357;GO:0043627;GO:0034616;GO:0032496;GO:0060395;GO:0001657;GO:0003281;GO:0007352
B2RUZ4,Small integral membrane protein 1 (Vel blood group),Heart,GO:0009986;GO:0005886;GO:0042803
Q9NRG4,SET and MYND domain containing 2,Heart,GO:0005737;GO:0005829;GO:0005654;GO:0005634;GO:0140938;GO:0046975;GO:0140999;GO:0016278;GO:0046872;GO:0002039;GO:0016279;GO:0000993;GO:0007507;GO:0008285;GO:0000122;GO:0018027;GO:0018026;GO:0043516;GO:1901796
Q13424,Syntrophin alpha 1,Heart,GO:0070161;GO:0005737;GO:0005856;GO:0016010;GO:0031594;GO:0045211;GO:0032991;GO:0042383;GO:0016013;GO:0003779;GO:0051117;GO:0005516;GO:0050998;GO:0030165;GO:0017080;GO:0005198;GO:0044325;GO:0006936;GO:1902083;GO:0007528;GO:0002027;GO:1902305;GO:0003117;GO:0060307;GO:0086005
O94875,Sorbin and SH3 domain containing 2,Heart,GO:0015629;GO:0016324;GO:0030425;GO:0005925;GO:0030027;GO:0043025;GO:0005634;GO:0048471;GO:0005886;GO:0045202;GO:0030018;GO:0008093;GO:0042802;GO:0003723;GO:0005200;GO:0008307;GO:0061049;GO:0007219
P35713,SRY-box transcription factor 18,Heart,GO:0000785;GO:0005634;GO:0005667;GO:0001228;GO:0000981;GO:0000978;GO:1990837;GO:0000976;GO:0001525;GO:0043534;GO:0048469;GO:0035050;GO:0060956;GO:0060214;GO:0061028;GO:0022405;GO:0001942;GO:0001947;GO:0001701;GO:0001946;GO:0060836;GO:0045892;GO:0000122;GO:0003151;GO:0045893;GO:0045944;GO:0072091;GO:0048866;GO:0001944;GO:0001570
Q92186,"ST8 alpha-N-acetyl-neuraminide alpha-2,8-sialyltransferase 2",Heart,GO:0005769;GO:0005576;GO:0005794;GO:0000139;GO:0048471;GO:0005886;GO:0055037;GO:0003828;GO:0000166;GO:0033691;GO:0005975;GO:0001574;GO:0006491;GO:0007399;GO:1990138;GO:0009311;GO:0043525;GO:0051965;GO:0006486;GO:0036211;GO:0042220;GO:0097503
Q9H7V2,Synapse differentiation inducing 1,Heart,GO:0044297;GO:0043198;GO:0043197;GO:0031901;GO:0060076;GO:0098978;GO:0043231;GO:0005886;GO:0014069;GO:0098839;GO:0030672;GO:0035254;GO:0042803;GO:0006886;GO:0051965;GO:0150052;GO:0097091
O95359,Transforming acidic coiled-coil containing protein 2,Heart,GO:0005813;GO:0005737;GO:0005829;GO:0005654;GO:0005886;GO:0016922;GO:0021987;GO:0000226;GO:0007052;GO:0007097
Q6ICL3,Transport and golgi organization 2 homolog,Heart,GO:0005737;GO:0005829;GO:0005794;GO:0005739;GO:0007030;GO:0009306
Q99593,T-box transcription factor 5,Heart,GO:0000785;GO:0005737;GO:0005654;GO:0005634;GO:0032991;GO:0032993;GO:0005667;GO:0003677;GO:0001228;GO:0003700;GO:0000981;GO:0000978;GO:0061629;GO:0043565;GO:0060413;GO:0003167;GO:0060928;GO:0060929;GO:0003181;GO:0086054;GO:0003166;GO:0003218;GO:0060038;GO:0001708;GO:0060980;GO:0007267;GO:0035115;GO:0030326;GO:0003197;GO:0035136;GO:0007507;GO:0030324;GO:0002009;GO:0060044;GO:0030336;GO:0008285;GO:0010719;GO:0007389;GO:0060039;GO:1903781;GO:0060045;GO:0051891;GO:1901846;GO:0045893;GO:1903598;GO:0072513;GO:0045944;GO:0060371;GO:0006357;GO:0003163;GO:0006366;GO:0003281
Q12870,Transcription factor 15,Heart,GO:0000785;GO:0005634;GO:0090575;GO:0043425;GO:0001228;GO:0003700;GO:0000981;GO:0070888;GO:0046983;GO:0000977;GO:0032502;GO:0043583;GO:0045198;GO:0060231;GO:0007498;GO:0048644;GO:1902037;GO:0050884;GO:0048339;GO:2000738;GO:0045944;GO:0036342;GO:1903053;GO:0006357;GO:0003016;GO:0048705;GO:0001756;GO:0019827
P35443,Thrombospondin 4,Heart,GO:0005604;GO:0062023;GO:0005783;GO:0070062;GO:0005576;GO:0005615;GO:0016529;GO:0005509;GO:0008083;GO:0008201;GO:0005178;GO:0048266;GO:0071603;GO:0051451;GO:0016525;GO:0051781;GO:0001938;GO:0090023;GO:0050731;GO:0034103;GO:0034976;GO:0006986;GO:0048771
Q9Y6L7,Tolloid like 2,Heart,GO:0005576;GO:0005615;GO:0005509;GO:0004222;GO:0004252;GO:0008270;GO:0030154;GO:0030199;GO:0009953;GO:0048632;GO:0016485
Q96AN5,Transmembrane protein 143,Heart,GO:0016020;GO:0005739
H3BS89,Transmembrane protein 178B,Heart,GO:0016020
Q5HYA8,Transmembrane protein 67,Heart,GO:0005813;GO:0060170;GO:0035869;GO:0030659;GO:0005789;GO:0036038;GO:0031005;GO:0051082;GO:0060271;GO:0036503;GO:0010826;GO:0035567
Q6P5X7,Transmembrane protein 71,Heart,GO:0016020;GO:0005739
Q6PEY1,Transmembrane protein 88,Heart,GO:0005829;GO:0005886;GO:0030165;GO:0090090;GO:0072659;GO:0050821;GO:0016055
P43489,TNF receptor superfamily member 4,Heart,GO:0009986;GO:0009897;GO:0005886;GO:0005031;GO:0001618;GO:0006955;GO:0006954;GO:0043433;GO:0045892;GO:0030890;GO:0002639;GO:0042098
P09493,Tropomyosin 1,Heart,GO:0015629;GO:0005884;GO:0032059;GO:0005856;GO:0005829;GO:0005862;GO:0032587;GO:0030017;GO:0001725;GO:0003779;GO:0051015;GO:0008092;GO:0042802;GO:0046982;GO:0042803;GO:0005200;GO:0008307;GO:0007015;GO:0060048;GO:0034614;GO:0007010;GO:0030049;GO:0030336;GO:1904753;GO:1904706;GO:0032781;GO:0045785;GO:0003065;GO:0051496;GO:0008360;GO:0008016;GO:0006937;GO:0031529;GO:0045214;GO:0055010;GO:0042060
Q9UPV9,Trafficking kinesin protein 1,Heart,GO:1904115;GO:0044295;GO:0005938;GO:0005737;GO:0031410;GO:0005829;GO:0030425;GO:0005769;GO:0031966;GO:0005739;GO:0005634;GO:0048471;GO:0050811;GO:0017022;GO:0030911;GO:0098957;GO:0048813;GO:0008333;GO:0048311;GO:0022008;GO:0050772;GO:0006493;GO:0006605;GO:0006357;GO:0047496
Q13061,Triadin,Heart,GO:0005829;GO:0005783;GO:0030314;GO:0014701;GO:0016020;GO:0005654;GO:0005886;GO:0016529;GO:0033018;GO:0033017;GO:0030674;GO:0005102;GO:0044325;GO:0031122;GO:0090158;GO:0051649;GO:0060047;GO:0006874;GO:0006936;GO:0060315;GO:1901846;GO:0060316;GO:0086036;GO:0010649;GO:0051279;GO:0010880;GO:0014808;GO:0009617
Q96SJ8,Tetraspanin 18,Heart,GO:0005886;GO:0017156;GO:0051649;GO:0007599;GO:0006954;GO:1903670
O75954,Tetraspanin 9,Heart,GO:0005925;GO:0005886;GO:0097197
Q8WZ42,Titin,Heart,GO:0000794;GO:0005829;GO:0070062;GO:0005576;GO:0031674;GO:0031430;GO:0005865;GO:0030018;GO:0004676;GO:0051015;GO:0042805;GO:0004679;GO:0005524;GO:0005509;GO:0005516;GO:0004677;GO:0019899;GO:0004694;GO:0044024;GO:0072371;GO:1990244;GO:0035979;GO:0044025;GO:0140823;GO:0035175;GO:0044022;GO:0140855;GO:0035402;GO:0072354;GO:0140857;GO:0035403;GO:0044023;GO:0042802;GO:0051371;GO:0002020;GO:0042803;GO:0019901;GO:0019887;GO:0106310;GO:0004674;GO:0004713;GO:0072518;GO:0004711;GO:0008307;GO:0097493;GO:0031433;GO:0055013;GO:0060048;GO:0003300;GO:0055008;GO:0055003;GO:0035995;GO:0007076;GO:0006936;GO:0010628;GO:0050714;GO:0010737;GO:0051592;GO:0045214;GO:0048769;GO:0030241;GO:0030240;GO:0006941
Q9NY65,Tubulin alpha 8,Heart,GO:0001669;GO:0005737;GO:0005874;GO:0015630;GO:0005525;GO:0016787;GO:0046872;GO:0005200;GO:0000226;GO:0000278;GO:0007286
O14957,"Ubiquinol-cytochrome c reductase, complex III subunit XI",Heart,GO:0005743;GO:0005739;GO:0045275;GO:0009055;GO:0045333;GO:0006091;GO:0006122
A0A096LP55,Ubiquinol-cytochrome c reductase hinge protein like,Heart,GO:0005743;GO:0005739;GO:0045275;GO:0006122
O14949,Ubiquinol-cytochrome c reductase complex III subunit VII,Heart,GO:0005743;GO:0005739;GO:0045275;GO:0045333;GO:0021680;GO:0021766;GO:0021854;GO:0030901;GO:0006122;GO:0021548;GO:0021860;GO:0021539;GO:0021794
Q9Y3S1,WNK lysine deficient protein kinase 2,Heart,GO:0005737;GO:0005829;GO:0005886;GO:0004676;GO:0004679;GO:0005524;GO:0004677;GO:0004694;GO:0044024;GO:0072371;GO:1990244;GO:0035979;GO:0044025;GO:0140823;GO:0035175;GO:0044022;GO:0140855;GO:0035402;GO:0072354;GO:0140857;GO:0035403;GO:0044023;GO:0106310;GO:0004674;GO:0072518;GO:0004711;GO:0035556;GO:0050801;GO:0008285;GO:0070373;GO:0090263;GO:2000651;GO:0046777;GO:0006468
